edition,team_id,team,player_id,player,played_minutes,team_nominal_minutes,suspension_unavailable_minutes,injury_unavailable_minutes,union_unavailable_minutes,opportunity_denominator_minutes,omega
2014,43817,Iran,185641,Javad NEKOUNAM,270,270,0,0,0,270,1
2014,43817,Iran,213170,Masoud SHOJAEI,122,270,0,0,0,270,0.451851852
2014,43817,Iran,237949,Andranik TIMOTIAN,270,270,0,0,0,270,1
2014,43817,Iran,330659,Karim ANSARIFARD,23,270,0,0,0,270,0.085185185
2014,43819,Japan,184373,Yasuyuki KONNO,180,270,0,0,0,270,0.666666667
2014,43819,Japan,268594,Masato Morishige,90,270,0,0,0,270,0.333333333
2014,43819,Japan,271253,Maya Yoshida,270,270,0,0,0,270,1
2014,43819,Japan,289027,Makoto Hasebe,188,270,0,0,0,270,0.696296296
2014,43822,Korea Republic,268406,KI Sungyueng,270,270,0,0,0,270,1
2014,43822,Korea Republic,274329,HAN Kookyoung,212,270,0,0,0,270,0.785185185
2014,43822,Korea Republic,291393,KOO Jacheol,270,270,0,0,0,270,1
2014,43822,Korea Republic,307849,SON Heungmin,245,270,0,0,0,270,0.907407407
2014,43822,Korea Republic,312679,HONG Jeongho,252,270,0,0,0,270,0.933333333
2014,43822,Korea Republic,363578,LEE Yong,270,270,0,0,0,270,1
2014,43843,Algeria,215208,Madjid BOUGUERRA,202,390,0,0,0,390,0.517948718
2014,43843,Algeria,296827,Rafik HALLICHE,366,390,0,0,0,390,0.938461538
2014,43843,Algeria,323339,Djamel MESBAH,180,390,0,0,0,390,0.461538462
2014,43843,Algeria,354883,Liassine CADAMURO,0,390,0,0,0,390,0
2014,43843,Algeria,367261,Nabil GHILAS,39,390,0,0,0,390,0.1
2014,43843,Algeria,379939,Nabil Bentaleb,270,390,0,0,0,390,0.692307692
2014,43849,Cameroon,200259,Dany NOUNKEU,90,270,0,0,0,270,0.333333333
2014,43849,Cameroon,200261,Alexandre SONG,117,270,141,0,141,129,0.906976744
2014,43849,Cameroon,200935,Stephane MBIA,270,270,0,0,0,270,1
2014,43849,Cameroon,310048,Eyong ENOH,270,270,0,0,0,270,1
2014,43849,Cameroon,336791,Edgar SALLI,49,270,0,0,0,270,0.181481481
2014,43854,Côte d'Ivoire,176971,Didier ZOKORA,180,270,90,0,90,180,1
2014,43854,Côte d'Ivoire,207946,Souleymane Bamba,270,270,0,0,0,270,1
2014,43854,Côte d'Ivoire,212306,Didier DROGBA,137,270,0,0,0,270,0.507407407
2014,43854,Côte d'Ivoire,216970,Salomon KALOU,204,270,0,0,0,270,0.755555556
2014,43854,Côte d'Ivoire,291329,Cheick TIOTÉ,240,270,0,0,0,270,0.888888889
2014,43854,Côte d'Ivoire,367555,Serey DIE,223,270,0,0,0,270,0.825925926
2014,43860,Ghana,183000,Sulley MUNTARI,180,270,90,0,90,180,1
2014,43860,Ghana,294626,Harrison Afful,180,270,0,0,0,270,0.666666667
2014,43860,Ghana,311850,Mohammed RABIU,222,270,0,0,0,270,0.822222222
2014,43860,Ghana,353235,Jordan Ayew,117,270,0,0,0,270,0.433333333
2014,43860,Ghana,367393,Majeed WARIS,70,270,0,0,0,270,0.259259259
2014,43876,Nigeria,234463,John Obi MIKEL,360,360,0,0,0,360,1
2014,43876,Nigeria,315424,Kenneth OMERUO,360,360,0,0,0,360,1
2014,43876,Nigeria,356712,Juwon OSHANIWA,360,360,0,0,0,360,1
2014,43901,Costa Rica,199175,Keylor NAVAS,480,480,0,0,0,480,1
2014,43901,Costa Rica,208120,Michael UMANA,390,480,0,0,0,480,0.8125
2014,43901,Costa Rica,209940,Junior DIAZ,480,480,0,0,0,480,1
2014,43901,Costa Rica,214876,Bryan RUIZ,462,480,0,0,0,480,0.9625
2014,43901,Costa Rica,268821,Giancarlo GONZALEZ,480,480,0,0,0,480,1
2014,43901,Costa Rica,268822,Jose CUBERO,89,480,0,0,0,480,0.185416667
2014,43901,Costa Rica,301165,Oscar GRANADOS,0,480,0,0,0,480,0
2014,43901,Costa Rica,307541,Yeltsin TEJEDA,391,480,0,0,0,480,0.814583333
2014,43901,Costa Rica,312987,Oscar DUARTE,335,480,145,0,145,335,1
2014,43901,Costa Rica,339447,Johnny ACOSTA,134,480,0,0,0,480,0.279166667
2014,43909,Honduras,209827,Wilson PALACIOS,132,270,138,0,138,132,1
2014,43909,Honduras,213878,Victor BERNARDEZ,225,270,0,0,0,270,0.833333333
2014,43909,Honduras,213953,Jerry PALACIOS,51,270,0,0,0,270,0.188888889
2014,43909,Honduras,237071,Boniek GARCIA,203,270,0,0,0,270,0.751851852
2014,43909,Honduras,270400,Luis GARRIDO,160,270,0,0,0,270,0.592592593
2014,43909,Honduras,323623,Jerry BENGTSON,225,270,0,0,0,270,0.833333333
2014,43911,Mexico,178119,Rafael MARQUEZ,360,360,0,0,0,360,1
2014,43911,Mexico,238112,Hector MORENO,315,360,0,0,0,360,0.875
2014,43911,Mexico,251352,Andres GUARDADO,331,360,0,0,0,360,0.919444444
2014,43911,Mexico,289195,Paul AGUILAR,360,360,0,0,0,360,1
2014,43911,Mexico,379264,Jose VAZQUEZ,270,360,90,0,90,270,1
2014,43921,United States,175512,Kyle BECKERMAN,270,390,0,0,0,390,0.692307692
2014,43921,United States,183893,Jermaine JONES,390,390,0,0,0,390,1
2014,43921,United States,234405,Omar GONZALEZ,210,390,0,0,0,390,0.538461538
2014,43921,United States,321971,Geoff Cameron,300,390,0,0,0,390,0.769230769
2014,43922,Argentina,182372,Javier MASCHERANO,720,720,0,0,0,720,1
2014,43922,Argentina,200130,Ezequiel GARAY,720,720,0,0,0,720,1
2014,43922,Argentina,200133,Lucas BIGLIA,349,720,0,0,0,720,0.484722222
2014,43922,Argentina,228528,Sergio AGUERO,312,720,0,0,0,720,0.433333333
2014,43922,Argentina,233703,Martin DEMICHELIS,330,720,0,0,0,720,0.458333333
2014,43922,Argentina,266800,Angel DI MARIA,422,720,0,148,148,572,0.737762238
2014,43922,Argentina,318688,Marcos ROJO,615,720,90,0,90,630,0.976190476
2014,43924,Brazil,179038,JULIO CESAR,660,660,0,0,0,660,1
2014,43924,Brazil,190962,DANI ALVES,390,660,0,0,0,660,0.590909091
2014,43924,Brazil,208016,FERNANDINHO,296,660,0,0,0,660,0.448484848
2014,43924,Brazil,217172,JO,170,660,0,0,0,660,0.257575758
2014,43924,Brazil,289964,THIAGO SILVA,570,660,90,0,90,570,1
2014,43924,Brazil,298959,RAMIRES,250,660,0,0,0,660,0.378787879
2014,43924,Brazil,312868,OSCAR,638,660,0,0,0,660,0.966666667
2014,43924,Brazil,314197,NEYMAR,454,660,0,183,183,477,0.951781971
2014,43924,Brazil,318172,HULK,394,660,0,0,0,660,0.596969697
2014,43924,Brazil,367913,DANTE,90,660,0,0,0,660,0.136363636
2014,43924,Brazil,367918,LUIZ GUSTAVO,525,660,90,0,90,570,0.921052632
2014,43925,Chile,201787,Mauricio PINILLA,47,390,0,0,0,390,0.120512821
2014,43925,Chile,267543,Arturo VIDAL,232,390,0,0,0,390,0.594871795
2014,43925,Chile,318150,Charles ARANGUIZ,363,390,0,0,0,390,0.930769231
2014,43925,Chile,349582,Francisco SILVA,279,390,0,0,0,390,0.715384615
2014,43925,Chile,349592,Eugenio MENA,390,390,0,0,0,390,1
2014,43926,Colombia,200213,Pablo ARMERO,414,450,0,0,0,450,0.92
2014,43926,Colombia,200219,Fredy GUARIN,190,450,90,0,90,360,0.527777778
2014,43926,Colombia,269058,James RODRIGUEZ,399,450,0,0,0,450,0.886666667
2014,43926,Colombia,280487,Carlos SANCHEZ,360,450,0,0,0,450,0.8
2014,43926,Colombia,3408,Mario YEPES,360,450,0,0,0,450,0.8
2014,43927,Ecuador,202544,Antonio VALENCIA,229,270,41,0,41,229,1
2014,43927,Ecuador,290452,Jefferson MONTERO,228,270,0,0,0,270,0.844444444
2014,43927,Ecuador,349576,Juan PAREDES,270,270,0,0,0,270,1
2014,43927,Ecuador,349578,Frickson ERAZO,270,270,0,0,0,270,1
2014,43927,Ecuador,373400,Enner VALENCIA,270,270,0,0,0,270,1
2014,43930,Uruguay,229498,Fernando MUSLERA,360,360,0,0,0,360,1
2014,43930,Uruguay,229499,Diego GODIN,360,360,0,0,0,360,1
2014,43930,Uruguay,239433,Diego LUGANO,90,360,0,270,270,90,1
2014,43930,Uruguay,267829,Martin CACERES,360,360,0,0,0,360,1
2014,43930,Uruguay,276131,Walter GARGANO,59,360,0,0,0,360,0.163888889
2014,43930,Uruguay,286238,Egidio AREVALO,360,360,0,0,0,360,1
2014,43930,Uruguay,286481,Maximiliano PEREIRA,225,360,90,0,90,270,0.833333333
2014,43930,Uruguay,368655,Jose GIMENEZ,270,360,0,0,0,360,0.75
2014,43935,Belgium,216004,Vincent KOMPANY,390,480,0,90,90,390,1
2014,43935,Belgium,273996,Eden HAZARD,367,480,0,0,0,480,0.764583333
2014,43935,Belgium,290821,Axel WITSEL,390,480,0,0,0,480,0.8125
2014,43935,Belgium,290824,Steven DEFOUR,44,480,166,0,166,314,0.140127389
2014,43935,Belgium,290825,Moussa DEMBELE,154,480,0,0,0,480,0.320833333
2014,43935,Belgium,290864,Toby ALDERWEIRELD,390,480,0,0,0,480,0.8125
2014,43935,Belgium,290904,Jan VERTONGHEN,450,480,0,0,0,480,0.9375
2014,43938,Croatia,214384,EDUARDO,22,270,0,0,0,270,0.081481481
2014,43938,Croatia,296633,Ivan RAKITIC,270,270,0,0,0,270,1
2014,43938,Croatia,297373,Vedran CORLUKA,270,270,0,0,0,270,1
2014,43938,Croatia,312432,Dejan Lovren,270,270,0,0,0,270,1
2014,43938,Croatia,369058,Ante REBIC,46,270,2,0,2,268,0.171641791
2014,43942,England,214961,Steven GERRARD,198,270,0,0,0,270,0.733333333
2014,43942,England,336043,Raheem Sterling,182,270,0,0,0,270,0.674074074
2014,43942,England,361222,Adam LALLANA,92,270,0,0,0,270,0.340740741
2014,43942,England,369392,Ross Barkley,147,270,0,0,0,270,0.544444444
2014,43946,France,212246,Patrice EVRA,360,450,0,0,0,450,0.8
2014,43946,France,358013,Yohan CABAYE,316,450,90,0,90,360,0.877777778
2014,43946,France,358014,Blaise Matuidi,426,450,0,0,0,450,0.946666667
2014,43946,France,367388,Paul Pogba,354,450,0,0,0,450,0.786666667
2014,43948,Germany,196748,Philipp LAHM,690,690,0,0,0,690,1
2014,43948,Germany,196752,Bastian SCHWEINSTEIGER,504,690,0,0,0,690,0.730434783
2014,43948,Germany,196900,Sami KHEDIRA,376,690,0,120,120,570,0.659649123
2014,43948,Germany,311148,Benedikt HOEWEDES,690,690,0,0,0,690,1
2014,43949,Greece,214887,Konstantinos KATSOURANIS,140,360,143,0,143,217,0.64516129
2014,43949,Greece,215513,Dimitrios SALPINGIDIS,224,360,0,0,0,360,0.622222222
2014,43949,Greece,228336,Vasileios TOROSIDIS,360,360,0,0,0,360,1
2014,43949,Greece,297112,Georgios SAMARAS,360,360,0,0,0,360,1
2014,43949,Greece,299090,Sokratis Papastathopoulos,360,360,0,0,0,360,1
2014,43949,Greece,323556,Konstantinos Manolas,360,360,0,0,0,360,1
2014,43949,Greece,362649,Andreas Samaris,136,360,0,0,0,360,0.377777778
2014,43954,Italy,298664,Claudio MARCHISIO,216,270,32,0,32,238,0.907563025
2014,43954,Italy,301059,Mario BALOTELLI,207,270,0,0,0,270,0.766666667
2014,43954,Italy,359223,Mattia De Sciglio,90,270,0,90,90,180,0.5
2014,43960,Netherlands,184615,Klaas Jan HUNTELAAR,55,690,0,0,0,690,0.079710145
2014,43960,Netherlands,184616,Arjen ROBBEN,690,690,0,0,0,690,1
2014,43960,Netherlands,217315,Robin VAN PERSIE,544,690,90,0,90,600,0.906666667
2014,43960,Netherlands,298677,Jonathan DE GUZMAN,228,690,0,0,0,690,0.330434783
2014,43960,Netherlands,313021,Stefan de Vrij,676,690,0,0,0,690,0.979710145
2014,43960,Netherlands,319432,Daley Blind,669,690,0,0,0,690,0.969565217
2014,43960,Netherlands,358736,Bruno MARTINS INDI,457,690,0,0,0,690,0.662318841
2014,43963,Portugal,200199,JOAO MOUTINHO,270,270,0,0,0,270,1
2014,43963,Portugal,214407,JOAO PEREIRA,240,270,0,0,0,270,0.888888889
2014,43963,Portugal,275931,PEPE,126,270,144,0,144,126,1
2014,43965,Russia,300237,Dmitri KOMBAROV,270,270,0,0,0,270,1
2014,43965,Russia,358049,Denis Glushakov,206,270,0,0,0,270,0.762962963
2014,43965,Russia,358891,Oleg Shatov,206,270,0,0,0,270,0.762962963
2014,43965,Russia,369983,Aleksey Kozlov,151,270,0,0,0,270,0.559259259
2014,43969,Spain,176644,Iker CASILLAS,180,270,0,0,0,270,0.666666667
2014,43969,Spain,207528,Xabi ALONSO,188,270,0,0,0,270,0.696296296
2014,43969,Spain,216814,Sergio RAMOS,270,270,0,0,0,270,1
2014,43971,Switzerland,216645,Johan DJOUROU,390,390,0,0,0,390,1
2014,43971,Switzerland,216650,Gelson FERNANDES,55,390,0,0,0,390,0.141025641
2014,43971,Switzerland,311558,Granit Xhaka,321,390,0,0,0,390,0.823076923
2014,43976,Australia,197411,Mark MILLIGAN,90,270,0,90,90,180,0.5
2014,43976,Australia,197514,Mile JEDINAK,270,270,0,0,0,270,1
2014,43976,Australia,213001,Tim CAHILL,158,270,90,0,90,180,0.877777778
2014,43976,Australia,229051,Matthew SPIRANOVIC,270,270,0,0,0,270,1
2014,44037,Bosnia-Herzegovina,216069,Emir SPAHIC,270,270,0,0,0,270,1
2014,44037,Bosnia-Herzegovina,233167,Haris Medunjanin,80,270,0,0,0,270,0.296296296
2014,44037,Bosnia-Herzegovina,358101,Muhamed BESIC,270,270,0,0,0,270,1
2018,1902465,Serbia,214388,Branislav IVANOVIC,180,270,0,0,0,270,0.666666667
2018,1902465,Serbia,294103,Aleksandar PRIJOVIC,0,270,0,0,0,270,0
2018,1902465,Serbia,310082,Nemanja MATIC,270,270,0,0,0,270,1
2018,1902465,Serbia,319554,Adem LJAJIC,170,270,0,0,0,270,0.62962963
2018,1902465,Serbia,365641,Luka MILIVOJEVIC,171,270,0,0,0,270,0.633333333
2018,1902465,Serbia,370456,Aleksandar MITROVIC,269,270,0,0,0,270,0.996296296
2018,1902465,Serbia,385545,Sergej MILINKOVIC-SAVIC,270,270,0,0,0,270,1
2018,43817,Iran,213170,Masoud SHOJAEI,68,270,0,0,0,270,0.251851852
2018,43817,Iran,288961,Ehsan HAJI SAFI,215,270,0,0,0,270,0.796296296
2018,43817,Iran,330659,Karim ANSARIFARD,178,270,0,0,0,270,0.659259259
2018,43817,Iran,346735,Omid EBRAHIMI,259,270,0,0,0,270,0.959259259
2018,43817,Iran,379886,Alireza JAHANBAKHSH,171,270,0,0,0,270,0.633333333
2018,43817,Iran,379887,Sardar AZMOUN,270,270,0,0,0,270,1
2018,43817,Iran,384795,Vahid AMIRI,266,270,0,0,0,270,0.985185185
2018,43819,Japan,198117,Eiji KAWASHIMA,360,360,0,0,0,360,1
2018,43819,Japan,268477,Tomoaki MAKINO,90,360,0,0,0,360,0.25
2018,43819,Japan,271255,Takashi INUI,292,360,0,0,0,360,0.811111111
2018,43819,Japan,289027,Makoto HASEBE,278,360,0,0,0,360,0.772222222
2018,43819,Japan,307719,Gaku SHIBASAKI,341,360,0,0,0,360,0.947222222
2018,43822,Korea Republic,307849,SON Heungmin,270,270,0,0,0,270,1
2018,43822,Korea Republic,314722,MOON Seonmin,146,270,0,0,0,270,0.540740741
2018,43822,Korea Republic,321745,KIM Shinwook,66,270,0,0,0,270,0.244444444
2018,43822,Korea Republic,356534,JUNG Wooyoung,127,270,0,0,0,270,0.47037037
2018,43822,Korea Republic,363578,LEE Yong,270,270,0,0,0,270,1
2018,43822,Korea Republic,375754,KIM Younggwon,270,270,0,0,0,270,1
2018,43822,Korea Republic,390081,LEE Seungwoo,44,270,0,0,0,270,0.162962963
2018,43822,Korea Republic,390525,LEE Jaesung,270,270,0,0,0,270,1
2018,43822,Korea Republic,395083,HWANG Heechan,203,270,0,0,0,270,0.751851852
2018,43835,Saudi Arabia,218083,TAISEER ALJASSAM,134,270,0,136,136,134,1
2018,43855,Egypt,303682,AHMED FATHI,270,270,0,0,0,270,1
2018,43855,Egypt,344640,AHMED HEGAZY,270,270,0,0,0,270,1
2018,43855,Egypt,363863,TREZEGUET,239,270,0,0,0,270,0.885185185
2018,43855,Egypt,401838,ALI GABR,270,270,0,0,0,270,1
2018,43855,Egypt,407023,SAM MORSY,40,270,0,0,0,270,0.148148148
2018,43872,Morocco,232674,Karim EL AHMADI,266,270,0,0,0,270,0.985185185
2018,43872,Morocco,291414,Noureddine AMRABAT,256,270,0,0,0,270,0.948148148
2018,43872,Morocco,296799,Mbark BOUSSOUFA,270,270,0,0,0,270,1
2018,43872,Morocco,299073,Manuel DA COSTA,188,270,0,0,0,270,0.696296296
2018,43872,Morocco,305954,Mehdi BENATIA,180,270,0,0,0,270,0.666666667
2018,43872,Morocco,395755,Monir EL KAJOUI,270,270,0,0,0,270,1
2018,43872,Morocco,400721,Achraf HAKIMI,270,270,0,0,0,270,1
2018,43876,Nigeria,234463,John Obi MIKEL,268,270,0,0,0,270,0.992592593
2018,43876,Nigeria,395529,William EKONG,270,270,0,0,0,270,1
2018,43876,Nigeria,402251,Leon BALOGUN,270,270,0,0,0,270,1
2018,43876,Nigeria,411700,Bryan IDOWU,226,270,0,0,0,270,0.837037037
2018,43879,Senegal,332314,Idrissa Gana GUEYE,270,270,0,0,0,270,1
2018,43879,Senegal,336000,Mbaye NIANG,247,270,0,0,0,270,0.914814815
2018,43879,Senegal,368848,Youssouf SABALY,254,270,0,0,0,270,0.940740741
2018,43879,Senegal,370169,Salif SANE,270,270,0,0,0,270,1
2018,43879,Senegal,395925,Cheikh NDOYE,37,270,0,0,0,270,0.137037037
2018,43888,Tunisia,370575,Ferjani SASSI,195,270,0,0,0,270,0.722222222
2018,43888,Tunisia,407141,Ghaylen CHAALELI,90,270,0,0,0,270,0.333333333
2018,43888,Tunisia,407145,Anice BADRI,224,270,0,0,0,270,0.82962963
2018,43901,Costa Rica,236536,Kendall WASTON,90,270,0,0,0,270,0.333333333
2018,43901,Costa Rica,270143,David GUZMAN,246,270,0,0,0,270,0.911111111
2018,43901,Costa Rica,307026,Cristian GAMBOA,255,270,0,0,0,270,0.944444444
2018,43901,Costa Rica,307529,Joel CAMPBELL,114,270,0,0,0,270,0.422222222
2018,43901,Costa Rica,339447,Johnny ACOSTA,270,270,0,0,0,270,1
2018,43901,Costa Rica,339797,Francisco CALVO,105,270,0,0,0,270,0.388888889
2018,43911,Mexico,238112,Hector MORENO,270,360,90,0,90,270,1
2018,43911,Mexico,251352,Andres GUARDADO,307,360,0,0,0,360,0.852777778
2018,43911,Mexico,329092,Hector HERRERA,360,360,0,0,0,360,1
2018,43911,Mexico,371044,Miguel LAYUN,313,360,0,0,0,360,0.869444444
2018,43911,Mexico,395518,Carlos SALCEDO,360,360,0,0,0,360,1
2018,43911,Mexico,400634,Edson ALVAREZ,267,360,0,0,0,360,0.741666667
2018,43911,Mexico,402772,Jesus GALLARDO,335,360,0,0,0,360,0.930555556
2018,43914,Panama,197912,Gabriel GOMEZ,249,270,0,0,0,270,0.922222222
2018,43914,Panama,213780,Luis TEJADA,51,270,0,0,0,270,0.188888889
2018,43914,Panama,267700,Armando COOPER,180,270,90,0,90,180,1
2018,43914,Panama,269514,Anibal GODOY,244,270,0,0,0,270,0.903703704
2018,43914,Panama,337232,Eric DAVIS,180,270,0,0,0,270,0.666666667
2018,43914,Panama,385030,Fidel ESCOBAR,270,270,0,0,0,270,1
2018,43914,Panama,385031,Michael MURILLO,180,270,90,0,90,180,1
2018,43914,Panama,400416,Edgar BARCENAS,222,270,0,0,0,270,0.822222222
2018,43914,Panama,411177,Ricardo AVILA,107,270,0,0,0,270,0.396296296
2018,43922,Argentina,182372,Javier MASCHERANO,360,360,0,0,0,360,1
2018,43922,Argentina,229397,Lionel MESSI,360,360,0,0,0,360,1
2018,43922,Argentina,266790,Ever BANEGA,216,360,0,0,0,360,0.6
2018,43922,Argentina,266796,Gabriel MERCADO,270,360,0,0,0,360,0.75
2018,43922,Argentina,308322,Nicolas TAGLIAFICO,350,360,0,0,0,360,0.972222222
2018,43922,Argentina,310116,Nicolas OTAMENDI,360,360,0,0,0,360,1
2018,43922,Argentina,318688,Marcos ROJO,226,360,0,0,0,360,0.627777778
2018,43922,Argentina,401204,Marcos ACUNA,90,360,0,0,0,360,0.25
2018,43924,Brazil,208016,FERNANDINHO,154,450,0,0,0,450,0.342222222
2018,43924,Brazil,217161,FILIPE LUIS,170,450,0,0,0,450,0.377777778
2018,43924,Brazil,266774,FAGNER,360,450,0,0,0,450,0.8
2018,43924,Brazil,308366,PHILIPPE COUTINHO,436,450,0,0,0,450,0.968888889
2018,43924,Brazil,308386,CASEMIRO,330,450,90,0,90,360,0.916666667
2018,43924,Brazil,314197,NEYMAR,450,450,0,0,0,450,1
2018,43926,Colombia,229444,Radamel FALCAO,377,390,0,0,0,390,0.966666667
2018,43926,Colombia,269058,James RODRIGUEZ,152,390,0,238,238,152,1
2018,43926,Colombia,280487,Carlos SANCHEZ,173,390,176,0,176,214,0.808411215
2018,43926,Colombia,309714,Juan CUADRADO,331,390,0,0,0,390,0.848717949
2018,43926,Colombia,315614,Santiago ARIAS,386,390,0,0,0,390,0.98974359
2018,43926,Colombia,349512,Carlos BACCA,90,390,0,0,0,390,0.230769231
2018,43926,Colombia,394377,Wilmar BARRIOS,269,390,0,0,0,390,0.68974359
2018,43926,Colombia,394500,Johan MOJICA,390,390,0,0,0,390,1
2018,43929,Peru,225497,Paolo GUERRERO,208,270,0,0,0,270,0.77037037
2018,43929,Peru,349685,Paolo HURTADO,27,270,0,0,0,270,0.1
2018,43929,Peru,349698,Yoshimar YOTUN,182,270,0,0,0,270,0.674074074
2018,43929,Peru,392903,Renato TAPIA,150,270,0,0,0,270,0.555555556
2018,43929,Peru,397696,Pedro AQUINO,137,270,0,0,0,270,0.507407407
2018,43930,Uruguay,216567,Cristian RODRIGUEZ,165,450,0,0,0,450,0.366666667
2018,43930,Uruguay,386538,Rodrigo BENTANCUR,365,450,0,0,0,450,0.811111111
2018,43935,Belgium,273996,Eden HAZARD,518,630,0,0,0,630,0.822222222
2018,43935,Belgium,290821,Axel WITSEL,540,630,0,0,0,630,0.857142857
2018,43935,Belgium,290864,Toby ALDERWEIRELD,540,630,0,0,0,630,0.857142857
2018,43935,Belgium,290904,Jan VERTONGHEN,540,630,0,0,0,630,0.857142857
2018,43935,Belgium,358120,Kevin DE BRUYNE,540,630,0,0,0,630,0.857142857
2018,43935,Belgium,358122,Thomas MEUNIER,450,630,90,0,90,540,0.833333333
2018,43935,Belgium,401444,Youri TIELEMANS,175,630,0,0,0,630,0.277777778
2018,43935,Belgium,402015,Leander DENDONCKER,90,630,0,0,0,630,0.142857143
2018,43938,Croatia,296633,Ivan RAKITIC,639,720,0,0,0,720,0.8875
2018,43938,Croatia,297373,Vedran CORLUKA,118,720,0,0,0,720,0.163888889
2018,43938,Croatia,299896,Domagoj VIDA,630,720,0,0,0,720,0.875
2018,43938,Croatia,312432,Dejan LOVREN,650,720,0,0,0,720,0.902777778
2018,43938,Croatia,336485,Sime VRSALJKO,607,720,0,0,0,720,0.843055556
2018,43938,Croatia,357988,Ivan STRINIC,512,720,0,0,0,720,0.711111111
2018,43938,Croatia,369057,Marko PJACA,83,720,0,0,0,720,0.115277778
2018,43938,Croatia,369058,Ante REBIC,547,720,0,0,0,720,0.759722222
2018,43938,Croatia,372987,Tin JEDVAJ,90,720,0,0,0,720,0.125
2018,43938,Croatia,375261,Josip PIVARIC,200,720,0,0,0,720,0.277777778
2018,43938,Croatia,375518,Mario MANDZUKIC,608,720,0,0,0,720,0.844444444
2018,43938,Croatia,380000,Marcelo BROZOVIC,458,720,0,0,0,720,0.636111111
2018,43941,Denmark,318485,Mathias JORGENSEN,219,390,0,0,0,390,0.561538462
2018,43941,Denmark,336133,Yussuf Yurary POULSEN,269,390,90,0,90,300,0.896666667
2018,43941,Denmark,372855,Thomas DELANEY,368,390,0,0,0,390,0.943589744
2018,43941,Denmark,395448,Pione SISTO,231,390,0,0,0,390,0.592307692
2018,43942,England,356189,Jordan HENDERSON,482,690,0,0,0,690,0.698550725
2018,43942,England,356750,Kyle WALKER,495,690,0,0,0,690,0.717391304
2018,43942,England,369434,John STONES,646,690,0,0,0,690,0.936231884
2018,43942,England,398743,Jesse LINGARD,527,690,0,0,0,690,0.763768116
2018,43942,England,407498,Harry MAGUIRE,644,690,0,0,0,690,0.933333333
2018,43942,England,411303,Ruben LOFTUS-CHEEK,274,690,0,0,0,690,0.397101449
2018,43946,France,358014,Blaise MATUIDI,336,630,90,0,90,540,0.622222222
2018,43946,France,358015,Olivier GIROUD,546,630,0,0,0,630,0.866666667
2018,43946,France,367388,Paul POGBA,539,630,0,0,0,630,0.855555556
2018,43946,France,389867,Kylian MBAPPE,534,630,0,0,0,630,0.847619048
2018,43946,France,398681,Ngolo KANTE,595,630,0,0,0,630,0.944444444
2018,43946,France,404566,Corentin TOLISSO,194,630,0,0,0,630,0.307936508
2018,43946,France,411470,Lucas HERNANDEZ,590,630,0,0,0,630,0.936507937
2018,43946,France,411471,Benjamin PAVARD,540,630,0,0,0,630,0.857142857
2018,43948,Germany,299442,Jerome BOATENG,172,270,98,0,98,172,1
2018,43948,Germany,311150,Mats HUMMELS,180,270,0,90,90,180,1
2018,43948,Germany,321722,Thomas MUELLER,207,270,0,0,0,270,0.766666667
2018,43951,Iceland,300344,Birkir SAEVARSSON,270,270,0,0,0,270,1
2018,43951,Iceland,300348,Emil HALLFREDSSON,180,270,0,0,0,270,0.666666667
2018,43951,Iceland,359847,Alfred FINNBOGASON,264,270,0,0,0,270,0.977777778
2018,43962,Poland,269735,Grzegorz KRYCHOWIAK,270,270,0,0,0,270,1
2018,43962,Poland,402079,Jacek GORALSKI,180,270,0,0,0,270,0.666666667
2018,43962,Poland,406995,Jan BEDNAREK,224,270,0,0,0,270,0.82962963
2018,43963,Portugal,189810,RICARDO QUARESMA,116,360,0,0,0,360,0.322222222
2018,43963,Portugal,201200,CRISTIANO RONALDO,360,360,0,0,0,360,1
2018,43963,Portugal,319491,ADRIEN SILVA,156,360,0,0,0,360,0.433333333
2018,43963,Portugal,336491,CEDRIC,270,360,0,0,0,360,0.75
2018,43963,Portugal,395206,BRUNO FERNANDES,88,360,0,0,0,360,0.244444444
2018,43963,Portugal,395213,RAPHAEL GUERREIRO,360,360,0,0,0,360,1
2018,43965,Russia,358871,Fedor SMOLOV,219,510,0,0,0,510,0.429411765
2018,43965,Russia,371639,Aleksandr GOLOVIN,402,510,0,0,0,510,0.788235294
2018,43965,Russia,375357,Igor SMOLNIKOV,36,510,174,0,174,336,0.107142857
2018,43965,Russia,379988,Iury GAZINSKY,267,510,0,0,0,510,0.523529412
2018,43965,Russia,404425,Ilya KUTEPOV,510,510,0,0,0,510,1
2018,43965,Russia,404429,Roman ZOBNIN,510,510,0,0,0,510,1
2018,43969,Spain,216973,Gerard PIQUE,390,390,0,0,0,390,1
2018,43969,Spain,303034,Sergio BUSQUETS,390,390,0,0,0,390,1
2018,43970,Sweden,214675,Sebastian LARSSON,318,450,90,0,90,360,0.883333333
2018,43970,Sweden,300251,Mikael LUSTIG,352,450,90,0,90,360,0.977777778
2018,43970,Sweden,360340,Albin EKDAL,421,450,0,0,0,450,0.935555556
2018,43970,Sweden,398551,John GUIDETTI,37,450,0,0,0,450,0.082222222
2018,43970,Sweden,401465,Viktor CLAESSON,434,450,0,0,0,450,0.964444444
2018,43971,Switzerland,196605,Stephan LICHTSTEINER,267,360,90,0,90,270,0.988888889
2018,43971,Switzerland,216627,Valon BEHRAMI,311,360,0,0,0,360,0.863888889
2018,43971,Switzerland,311558,Granit XHAKA,360,360,0,0,0,360,1
2018,43971,Switzerland,321653,Xherdan SHAQIRI,351,360,0,0,0,360,0.975
2018,43971,Switzerland,356407,Michael LANG,102,360,0,0,0,360,0.283333333
2018,43971,Switzerland,356411,Fabian SCHAER,270,360,90,0,90,270,1
2018,43971,Switzerland,401448,Denis ZAKARIA,49,360,0,0,0,360,0.136111111
2018,43976,Australia,197411,Mark MILLIGAN,270,270,0,0,0,270,1
2018,43976,Australia,197514,Mile JEDINAK,270,270,0,0,0,270,1
2018,43976,Australia,321697,Mathew LECKIE,270,270,0,0,0,270,1
2018,43976,Australia,349342,Aziz BEHICH,270,270,0,0,0,270,1
2018,43976,Australia,367641,Tom ROGIC,226,270,0,0,0,270,0.837037037
2018,43976,Australia,389503,Daniel ARZANI,60,270,0,0,0,270,0.222222222
2018,43976,Australia,397717,Joshua RISDON,270,270,0,0,0,270,1
2022,1902465,Serbia,336393,Predrag RAJKOVIC,0,270,0,0,0,270,0
2022,1902465,Serbia,370456,Aleksandar MITROVIC,263,270,0,0,0,270,0.974074074
2022,1902465,Serbia,385536,Luka JOVIC,35,270,0,0,0,270,0.12962963
2022,1902465,Serbia,385545,Sergej MILINKOVIC-SAVIC,236,270,0,0,0,270,0.874074074
2022,1902465,Serbia,401176,Nemanja GUDELJ,92,270,0,0,0,270,0.340740741
2022,1902465,Serbia,404631,Sasa LUKIC,246,270,0,0,0,270,0.911111111
2022,1902465,Serbia,411544,Nikola MILENKOVIC,270,270,0,0,0,270,1
2022,1902465,Serbia,430069,Strahinja PAVLOVIC,235,270,0,0,0,270,0.87037037
2022,43817,Iran,314249,Morteza POURALIGANJI,270,270,0,0,0,270,1
2022,43817,Iran,371735,Majid HOSSEINI,270,270,0,0,0,270,1
2022,43817,Iran,379886,Alireza JAHANBAKHSH,59,270,90,0,90,180,0.327777778
2022,43817,Iran,384797,Ramin REZAEIAN,180,270,0,0,0,270,0.666666667
2022,43817,Iran,390534,Mohammad KANAANI,44,270,0,0,0,270,0.162962963
2022,43817,Iran,448506,Abolfazl JALALI,19,270,0,0,0,270,0.07037037
2022,43819,Japan,271253,Maya YOSHIDA,390,390,0,0,0,390,1
2022,43819,Japan,390541,Shogo TANIGUCHI,210,390,0,0,0,390,0.538461538
2022,43819,Japan,395318,Wataru ENDO,303,390,0,0,0,390,0.776923077
2022,43819,Japan,400511,Kou ITAKURA,270,390,120,0,120,270,1
2022,43819,Japan,441122,Miki YAMANE,62,390,0,0,0,390,0.158974359
2022,43822,Korea Republic,356534,JUNG Wooyoung,304,360,0,0,0,360,0.844444444
2022,43822,Korea Republic,375754,KIM Younggwon,351,360,0,0,0,360,0.975
2022,43822,Korea Republic,395083,HWANG Heechan,115,360,0,0,0,360,0.319444444
2022,43822,Korea Republic,418490,LEE Kangin,146,360,0,0,0,360,0.405555556
2022,43822,Korea Republic,430387,CHO Guesung,276,360,0,0,0,360,0.766666667
2022,43834,Qatar,284087,SAAD ALSHEEB,90,270,0,0,0,270,0.333333333
2022,43834,Qatar,354861,KARIM BOUDIAF,185,270,0,0,0,270,0.685185185
2022,43834,Qatar,385068,ISMAIL MOHAMAD,175,270,0,0,0,270,0.648148148
2022,43834,Qatar,386347,AKRAM AFIF,270,270,0,0,0,270,1
2022,43834,Qatar,386348,ASSIM MADIBO,154,270,0,0,0,270,0.57037037
2022,43834,Qatar,386366,ALMOEZ ALI,226,270,0,0,0,270,0.837037037
2022,43834,Qatar,419441,HOMAM AHMED,263,270,0,0,0,270,0.974074074
2022,43835,Saudi Arabia,330913,NAWAF AL ABID,88,270,0,0,0,270,0.325925926
2022,43835,Saudi Arabia,339485,HATAN BAHBRI,2,270,0,0,0,270,0.007407407
2022,43835,Saudi Arabia,339745,SALEM ALDAWSARI,270,270,0,0,0,270,1
2022,43835,Saudi Arabia,396885,MOHAMMED ALOWAIS,270,270,0,0,0,270,1
2022,43835,Saudi Arabia,403312,Abdulelah ALAMRI,181,270,0,0,0,270,0.67037037
2022,43835,Saudi Arabia,403335,Hassan ALTAMBAKTI,180,270,0,0,0,270,0.666666667
2022,43835,Saudi Arabia,407983,ALI ALBULAYHI,217,270,0,0,0,270,0.803703704
2022,43835,Saudi Arabia,419281,SAUD ABDULHAMID,270,270,0,0,0,270,1
2022,43835,Saudi Arabia,425804,SALEH ALSHEHRI,225,270,0,0,0,270,0.833333333
2022,43835,Saudi Arabia,430170,ABDULELAH ALMALKI,175,270,90,0,90,180,0.972222222
2022,43835,Saudi Arabia,430502,ABDULLAH MADU,44,270,0,0,0,270,0.162962963
2022,43835,Saudi Arabia,430504,ALI ALHASSAN,46,270,0,0,0,270,0.17037037
2022,43849,Cameroon,290931,Nicolas NKOULOU,180,270,0,0,0,270,0.666666667
2022,43849,Cameroon,323698,Vincent ABOUBAKAR,141,270,0,0,0,270,0.522222222
2022,43849,Cameroon,401789,Collins FAI,270,270,0,0,0,270,1
2022,43849,Cameroon,402215,Christian BASSOGOG,23,270,0,0,0,270,0.085185185
2022,43849,Cameroon,407175,Nouhou TOLO,270,270,0,0,0,270,1
2022,43849,Cameroon,441406,Pierre KUNDE,135,270,0,0,0,270,0.5
2022,43860,Ghana,294620,Andre AYEW,201,270,0,0,0,270,0.744444444
2022,43860,Ghana,369248,Daniel AMARTEY,270,270,0,0,0,270,1
2022,43860,Ghana,405961,Kudus MOHAMMED,250,270,0,0,0,270,0.925925926
2022,43860,Ghana,411376,Inaki WILLIAMS,252,270,0,0,0,270,0.933333333
2022,43860,Ghana,448522,Seidu ALIDU,156,270,0,0,0,270,0.577777778
2022,43860,Ghana,448523,Kamaldeen SULEMANA,56,270,0,0,0,270,0.207407407
2022,43860,Ghana,448536,Tariq LAMPTEY,102,270,0,0,0,270,0.377777778
2022,43872,Morocco,372266,Sofyan AMRABAT,660,660,0,0,0,660,1
2022,43872,Morocco,398599,Romain SAISS,468,660,0,192,192,468,1
2022,43872,Morocco,402255,Sofiane BOUFAL,481,660,0,0,0,660,0.728787879
2022,43872,Morocco,408889,Achraf DARI,187,660,0,0,0,660,0.283333333
2022,43872,Morocco,441306,Selim AMALLAH,411,660,0,0,0,660,0.622727273
2022,43872,Morocco,441307,Azzedine OUNAHI,569,660,0,0,0,660,0.862121212
2022,43872,Morocco,448591,Abdelhamid SABIRI,180,660,0,0,0,660,0.272727273
2022,43872,Morocco,448610,Walid CHEDDIRA,63,660,90,0,90,570,0.110526316
2022,43879,Senegal,332314,Idrissa Gana GUEYE,270,360,90,0,90,270,1
2022,43879,Senegal,339820,Kalidou KOULIBALY,360,360,0,0,0,360,1
2022,43879,Senegal,430671,Ismail JAKOBS,280,360,0,0,0,360,0.777777778
2022,43879,Senegal,441319,Nampalys MENDY,274,360,0,0,0,360,0.761111111
2022,43879,Senegal,441321,Boulaye DIA,321,360,0,0,0,360,0.891666667
2022,43879,Senegal,448825,Pathe CISS,146,360,0,0,0,360,0.405555556
2022,43888,Tunisia,329721,Taha KHENISSI,27,270,0,0,0,270,0.1
2022,43888,Tunisia,370575,Ferjani SASSI,46,270,0,0,0,270,0.17037037
2022,43888,Tunisia,433182,Aissa LAIDOUNI,245,270,0,0,0,270,0.907407407
2022,43888,Tunisia,433362,Ali ABDI,187,270,0,0,0,270,0.692592593
2022,43888,Tunisia,436621,Wajdi KECHRIDA,109,270,0,0,0,270,0.403703704
2022,43899,Canada,267750,Steven VITORIA,270,270,0,0,0,270,1
2022,43899,Canada,370986,Jonathan OSORIO,118,270,0,0,0,270,0.437037037
2022,43899,Canada,392850,Junior HOILETT,162,270,0,0,0,270,0.6
2022,43899,Canada,395032,Sam ADEKUGBE,94,270,0,0,0,270,0.348148148
2022,43899,Canada,412144,Alphonso DAVIES,270,270,0,0,0,270,1
2022,43899,Canada,430138,Tajon BUCHANAN,261,270,0,0,0,270,0.966666667
2022,43899,Canada,441252,Alistair JOHNSTON,270,270,0,0,0,270,1
2022,43899,Canada,441254,Kamal MILLER,270,270,0,0,0,270,1
2022,43901,Costa Rica,236530,Celso BORGES,251,270,0,0,0,270,0.92962963
2022,43901,Costa Rica,307529,Joel CAMPBELL,270,270,0,0,0,270,1
2022,43901,Costa Rica,312987,Oscar DUARTE,270,270,0,0,0,270,1
2022,43901,Costa Rica,339797,Francisco CALVO,180,270,90,0,90,180,1
2022,43901,Costa Rica,405811,Anthony CONTRERAS,126,270,0,0,0,270,0.466666667
2022,43911,Mexico,238112,Hector MORENO,270,270,0,0,0,270,1
2022,43911,Mexico,329092,Hector HERRERA,161,270,0,0,0,270,0.596296296
2022,43911,Mexico,336707,Nestor ARAUJO,90,270,0,0,0,270,0.333333333
2022,43911,Mexico,386332,Erick GUTIERREZ,48,270,0,0,0,270,0.177777778
2022,43911,Mexico,400634,Edson ALVAREZ,176,270,0,0,0,270,0.651851852
2022,43911,Mexico,403585,Roberto ALVARADO,17,270,0,0,0,270,0.062962963
2022,43911,Mexico,403596,Jorge SANCHEZ,176,270,0,0,0,270,0.651851852
2022,43921,United States,331871,Kellyn PERRY-ACOSTA,41,360,0,0,0,360,0.113888889
2022,43921,United States,339510,Tim REAM,360,360,0,0,0,360,1
2022,43921,United States,390238,Tyler  ADAMS,360,360,0,0,0,360,1
2022,43921,United States,390259,Weston McKENNIE,275,360,0,0,0,360,0.763888889
2022,43921,United States,406280,Sergino DEST,308,360,0,0,0,360,0.855555556
2022,43922,Argentina,229397,Lionel MESSI,690,690,0,0,0,690,1
2022,43922,Argentina,308300,Emiliano MARTINEZ,690,690,0,0,0,690,1
2022,43922,Argentina,310116,Nicolas OTAMENDI,690,690,0,0,0,690,1
2022,43922,Argentina,332847,Leandro PAREDES,223,690,0,0,0,690,0.323188406
2022,43922,Argentina,332979,German PEZZELLA,57,690,0,0,0,690,0.082608696
2022,43922,Argentina,401204,Marcos ACUNA,373,690,90,0,90,600,0.621666667
2022,43922,Argentina,402921,Lisandro MARTINEZ,301,690,0,0,0,690,0.436231884
2022,43922,Argentina,402926,Gonzalo MONTIEL,116,690,90,0,90,600,0.193333333
2022,43922,Argentina,431196,Cristian ROMERO,548,690,0,0,0,690,0.794202899
2022,43922,Argentina,448252,Enzo FERNANDEZ,563,690,0,0,0,690,0.815942029
2022,43924,Brazil,308386,CASEMIRO,390,480,0,0,0,480,0.8125
2022,43924,Brazil,332946,MARQUINHOS,426,480,0,0,0,480,0.8875
2022,43924,Brazil,335656,DANILO,282,480,0,180,180,300,0.94
2022,43924,Brazil,389617,EDER MILITAO,349,480,0,0,0,480,0.727083333
2022,43924,Brazil,394018,FRED,141,480,0,0,0,480,0.29375
2022,43924,Brazil,430605,BRUNO GUIMARAES,68,480,0,0,0,480,0.141666667
2022,43927,Ecuador,428885,Moises CAICEDO,270,270,0,0,0,270,1
2022,43927,Ecuador,428904,Jhegson MENDEZ,180,270,90,0,90,180,1
2022,43930,Uruguay,267829,Martin CACERES,90,270,0,0,0,270,0.333333333
2022,43930,Uruguay,267834,Edinson CAVANI,122,270,0,0,0,270,0.451851852
2022,43930,Uruguay,270775,Luis SUAREZ,148,270,0,0,0,270,0.548148148
2022,43930,Uruguay,305382,Sebastian COATES,180,270,0,0,0,270,0.666666667
2022,43930,Uruguay,368655,Jose GIMENEZ,270,270,0,0,0,270,1
2022,43930,Uruguay,386538,Rodrigo BENTANCUR,214,270,0,56,56,214,1
2022,43930,Uruguay,402893,Mathias OLIVERA,255,270,0,0,0,270,0.944444444
2022,43930,Uruguay,419126,Darwin NUNEZ,242,270,0,0,0,270,0.896296296
2022,43935,Belgium,358122,Thomas MEUNIER,212,270,0,0,0,270,0.785185185
2022,43935,Belgium,398653,Yannick CARRASCO,118,270,0,0,0,270,0.437037037
2022,43935,Belgium,402015,Leander DENDONCKER,162,270,0,0,0,270,0.6
2022,43935,Belgium,448364,Amadou ONANA,104,270,90,0,90,180,0.577777778
2022,43938,Croatia,241559,Luka MODRIC,656,690,0,0,0,690,0.950724638
2022,43938,Croatia,312432,Dejan LOVREN,600,690,0,0,0,690,0.869565217
2022,43938,Croatia,339987,Mateo KOVACIC,640,690,0,0,0,690,0.927536232
2022,43938,Croatia,369029,Dominik LIVAKOVIC,690,690,0,0,0,690,1
2022,43938,Croatia,380000,Marcelo BROZOVIC,554,690,0,0,0,690,0.802898551
2022,43938,Croatia,406973,Borna BARISIC,120,690,0,0,0,690,0.173913043
2022,43938,Croatia,448165,Bruno PETKOVIC,230,690,0,0,0,690,0.333333333
2022,43941,Denmark,360188,Andreas CORNELIUS,92,270,0,0,0,270,0.340740741
2022,43941,Denmark,395460,Robert SKOV,21,270,0,0,0,270,0.077777778
2022,43941,Denmark,401281,Andreas CHRISTENSEN,270,270,0,0,0,270,1
2022,43941,Denmark,411291,Mathias JENSEN,84,270,0,0,0,270,0.311111111
2022,43941,Denmark,448464,Rasmus KRISTENSEN,226,270,0,0,0,270,0.837037037
2022,43942,England,407498,Harry MAGUIRE,430,450,0,0,0,450,0.955555556
2022,43946,France,336435,Antoine GRIEZMANN,538,660,0,0,0,660,0.815151515
2022,43946,France,358015,Olivier GIROUD,424,660,0,0,0,660,0.642424242
2022,43946,France,398680,Ousmane DEMBELE,437,660,0,0,0,660,0.662121212
2022,43946,France,402047,Adrien RABIOT,483,660,0,90,90,570,0.847368421
2022,43946,France,403109,Marcus THURAM,146,660,0,0,0,660,0.221212121
2022,43946,France,405893,Aurelien TCHOUAMENI,623,660,0,0,0,660,0.943939394
2022,43946,France,408042,Theo HERNANDEZ,508,660,0,0,0,660,0.76969697
2022,43946,France,430707,Jules KOUNDE,481,660,0,0,0,660,0.728787879
2022,43948,Germany,379953,Leon GORETZKA,159,270,0,0,0,270,0.588888889
2022,43948,Germany,386413,Joshua KIMMICH,270,270,0,0,0,270,1
2022,43948,Germany,395481,Thilo KEHRER,70,270,0,0,0,270,0.259259259
2022,43960,Netherlands,336088,Nathan AKE,480,480,0,0,0,480,1
2022,43960,Netherlands,336098,Memphis DEPAY,299,480,0,0,0,480,0.622916667
2022,43960,Netherlands,398568,Steven BERGHUIS,198,480,0,0,0,480,0.4125
2022,43960,Netherlands,404560,Matthijs DE LIGT,90,480,0,0,0,480,0.1875
2022,43960,Netherlands,422657,Frenkie DE JONG,476,480,0,0,0,480,0.991666667
2022,43960,Netherlands,433123,Steven BERGWIJN,215,480,0,0,0,480,0.447916667
2022,43960,Netherlands,436612,Denzel DUMFRIES,480,480,0,0,0,480,1
2022,43960,Netherlands,448149,Teun KOOPMEINERS,216,480,0,0,0,480,0.45
2022,43960,Netherlands,448153,Noa LANG,7,480,0,0,0,480,0.014583333
2022,43960,Netherlands,448158,Jurrien TIMBER,390,480,0,0,0,480,0.8125
2022,43960,Netherlands,448159,Wout WEGHORST,61,480,0,0,0,480,0.127083333
2022,43962,Poland,269735,Grzegorz KRYCHOWIAK,334,360,0,0,0,360,0.927777778
2022,43962,Poland,362823,Arkadiusz MILIK,100,360,0,0,0,360,0.277777778
2022,43962,Poland,370435,Bartosz BERESZYNSKI,342,360,0,0,0,360,0.95
2022,43962,Poland,411481,Przemyslaw FRANKOWSKI,242,360,0,0,0,360,0.672222222
2022,43962,Poland,436691,Matty CASH,360,360,0,0,0,360,1
2022,43962,Poland,448638,Jakub KIWIOR,357,360,0,0,0,360,0.991666667
2022,43963,Portugal,336505,DANILO,90,450,0,360,360,90,1
2022,43963,Portugal,384752,RUBEN DIAS,360,450,0,0,0,450,0.8
2022,43963,Portugal,395206,BRUNO FERNANDES,357,450,0,0,0,450,0.793333333
2022,43963,Portugal,395216,RUBEN NEVES,271,450,0,0,0,450,0.602222222
2022,43963,Portugal,418535,JOAO FELIX,334,450,0,0,0,450,0.742222222
2022,43963,Portugal,441149,VITINHA,118,450,0,0,0,450,0.262222222
2022,43969,Spain,303034,Sergio BUSQUETS,364,390,0,0,0,390,0.933333333
2022,43969,Spain,335999,Aymeric LAPORTE,300,390,0,0,0,390,0.769230769
2022,43971,Switzerland,311558,Granit XHAKA,360,360,0,0,0,360,1
2022,43971,Switzerland,356411,Fabian SCHAER,136,360,0,0,0,360,0.377777778
2022,43971,Switzerland,356412,Silvan WIDMER,266,360,0,90,90,270,0.985185185
2022,43971,Switzerland,398509,Nico ELVEDI,180,360,0,90,90,270,0.666666667
2022,43971,Switzerland,405178,Manuel AKANJI,360,360,0,0,0,360,1
2022,43971,Switzerland,448103,Fabian RIEDER,67,360,0,0,0,360,0.186111111
2022,43971,Switzerland,448131,Ruben VARGAS,288,360,0,0,0,360,0.8
2022,43971,Switzerland,448136,Eray COMERT,44,360,0,0,0,360,0.122222222
2022,43974,Wales,299601,Wayne HENNESSEY,176,270,94,0,94,176,1
2022,43974,Wales,299610,Gareth BALE,226,270,0,0,0,270,0.837037037
2022,43974,Wales,299617,Aaron RAMSEY,267,270,0,0,0,270,0.988888889
2022,43974,Wales,405256,Daniel JAMES,156,270,0,0,0,270,0.577777778
2022,43974,Wales,441052,Joe RODON,270,270,0,0,0,270,1
2022,43974,Wales,441219,Chris MEPHAM,270,270,0,0,0,270,1
2022,43976,Australia,312252,Aaron MOOY,360,360,0,0,0,360,1
2022,43976,Australia,331149,Milos DEGENEK,181,360,0,0,0,360,0.502777778
2022,43976,Australia,349342,Aziz BEHICH,360,360,0,0,0,360,1
2022,43976,Australia,355775,Jackson IRVINE,355,360,0,0,0,360,0.986111111
2022,43976,Australia,431745,Mitch DUKE,273,360,0,0,0,360,0.758333333
2026,1895293,Curaçao,431698,Jurien GAARI,167,270,0,0,0,270,0.618518519
2026,1895293,Curaçao,466317,Juninho BACUNA,255,270,0,0,0,270,0.944444444
2026,1895293,Curaçao,466340,Leandro BACUNA,270,270,0,0,0,270,1
2026,1895293,Curaçao,466372,Gervane KASTANEER,28,270,0,0,0,270,0.103703704
2026,1895293,Curaçao,494989,Livano COMENENCIA,234,270,0,0,0,270,0.866666667
2026,20014,Congo DR,356532,Chancel MBEMBA,360,360,0,0,0,360,1
2026,20014,Congo DR,424119,Nathanael MBUKU,144,360,0,0,0,360,0.4
2026,20014,Congo DR,433076,Samuel Moutoussamy,333,360,0,0,0,360,0.925
2026,20014,Congo DR,448128,Charles PICKEL,35,360,0,0,0,360,0.097222222
2026,20014,Congo DR,486147,Noah SADIKI,258,360,0,0,0,360,0.716666667
2026,43817,IR Iran,288961,Ehsan HAJISAFI,91,270,0,0,0,270,0.337037037
2026,43817,IR Iran,346743,Shoja KHALILZADEH,270,270,0,0,0,270,1
2026,43817,IR Iran,371736,Saeid EZATOLAHI,265,270,0,0,0,270,0.981481481
2026,43817,IR Iran,390534,Hossein KANANI,135,270,0,0,0,270,0.5
2026,43817,IR Iran,489603,Ali NEMATI,270,270,0,0,0,270,1
2026,43818,Iraq,396158,REBIN SULAKA,43,270,77,0,77,193,0.222797927
2026,43818,Iraq,433074,AMIR ALAMMARI,248,270,0,0,0,270,0.918518519
2026,43818,Iraq,434025,ZAID TAHSEEN,150,270,0,0,0,270,0.555555556
2026,43818,Iraq,479072,MERCHAS DOSKI,270,270,0,0,0,270,1
2026,43819,Japan,390541,Shogo TANIGUCHI,231,360,0,0,0,360,0.641666667
2026,43819,Japan,448557,Daichi KAMADA,332,360,0,0,0,360,0.922222222
2026,43819,Japan,479294,Kaishu SANO,270,360,0,0,0,360,0.75
2026,43819,Japan,498455,Junnosuke SUZUKI,40,360,0,0,0,360,0.111111111
2026,43820,Jordan,431208,MOHAMMAD ABUZRAIQ,0,270,0,0,0,270,0
2026,43820,Jordan,431225,YAZAN ALARAB,270,270,0,0,0,270,1
2026,43820,Jordan,479389,MOHANNAD ABUTAHA,264,270,0,0,0,270,0.977777778
2026,43820,Jordan,489550,HUSAM ABUDAHAB,180,270,0,0,0,270,0.666666667
2026,43822,Korea Republic,402817,PAIK Seungho,206,270,0,0,0,270,0.762962963
2026,43822,Korea Republic,418490,LEE Kangin,270,270,0,0,0,270,1
2026,43822,Korea Republic,430387,CHO Guesung,29,270,0,0,0,270,0.107407407
2026,43822,Korea Republic,492315,LEE Gihyuk,270,270,0,0,0,270,1
2026,43834,Qatar,386348,ASSIM MADIBO,129,270,129,0,129,141,0.914893617
2026,43834,Qatar,419441,HOMAM AHMED,123,270,147,0,147,123,1
2026,43834,Qatar,419459,MAHMOUD ABUNADA,270,270,0,0,0,270,1
2026,43834,Qatar,419473,JASSEM GABER,150,270,0,0,0,270,0.555555556
2026,43834,Qatar,433394,AHMED FATHY,151,270,0,0,0,270,0.559259259
2026,43835,Saudi Arabia,339745,SALEM ALDAWSARI,245,270,0,0,0,270,0.907407407
2026,43835,Saudi Arabia,403312,Abdulelah ALAMRI,240,270,0,0,0,270,0.888888889
2026,43835,Saudi Arabia,403319,NASSER ALDAWSARI,207,270,0,0,0,270,0.766666667
2026,43835,Saudi Arabia,407993,MOHAMED KANNO,225,270,0,0,0,270,0.833333333
2026,43835,Saudi Arabia,419281,SAUD ABDULHAMID,270,270,0,0,0,270,1
2026,43835,Saudi Arabia,419291,FERAS ALBRIKAN,240,270,0,0,0,270,0.888888889
2026,43843,Algeria,433679,Ramiz ZERROUKI,111,360,0,0,0,360,0.308333333
2026,43843,Algeria,441350,Hicham BOUDAOUI,128,360,0,0,0,360,0.355555556
2026,43843,Algeria,477795,Fares CHAIBI,360,360,0,0,0,360,1
2026,43850,Cabo Verde,409241,DINEY BORGES,390,390,0,0,0,390,1
2026,43850,Cabo Verde,477832,SIDNY LOPES CABRAL,286,390,90,0,90,300,0.953333333
2026,43850,Cabo Verde,477852,KEVIN PINA,350,390,0,20,20,370,0.945945946
2026,43850,Cabo Verde,482783,WAGNER PINA,90,390,0,0,0,390,0.230769231
2026,43854,Côte d'Ivoire,371609,Franck KESSIE,347,360,0,0,0,360,0.963888889
2026,43854,Côte d'Ivoire,402261,Nicolas PEPE,236,360,0,0,0,360,0.655555556
2026,43854,Côte d'Ivoire,405175,Seko Fofana,92,360,0,0,0,360,0.255555556
2026,43854,Côte d'Ivoire,486317,Guela DOUE,277,360,0,0,0,360,0.769444444
2026,43855,Egypt,369267,YASSER IBRAHIM,466,480,0,0,0,480,0.970833333
2026,43855,Egypt,416906,MOSTAFA SHOUBIR,480,480,0,0,0,480,1
2026,43855,Egypt,424106,Haissem HASSAN,126,480,0,17,17,463,0.272138229
2026,43855,Egypt,429095,HAMDY FATHY,241,480,0,139,139,341,0.706744868
2026,43855,Egypt,430477,AHMED FATOUH,268,480,0,210,210,270,0.992592593
2026,43855,Egypt,433469,MOHANAD LASHIN,360,480,120,0,120,360,1
2026,43855,Egypt,461788,MARAWAN ATTIA,435,480,0,0,0,480,0.90625
2026,43855,Egypt,483183,MAHMOUD SABER,45,480,0,0,0,480,0.09375
2026,43860,Ghana,411376,Inaki WILLIAMS,128,360,0,0,0,360,0.355555556
2026,43860,Ghana,441342,Abdul FATAWU,129,360,0,0,0,360,0.358333333
2026,43860,Ghana,448522,Alidu SEIDU,77,360,0,0,0,360,0.213888889
2026,43860,Ghana,506279,Caleb YIRENKYI,264,360,0,0,0,360,0.733333333
2026,43860,Ghana,511022,Kojo Peprah OPPONG,48,360,0,0,0,360,0.133333333
2026,43872,Morocco,400721,Achraf HAKIMI,570,570,0,0,0,570,1
2026,43872,Morocco,403083,Issa Diop,477,570,0,0,0,570,0.836842105
2026,43872,Morocco,441307,Azzedine OUNAHI,437,570,0,0,0,570,0.766666667
2026,43872,Morocco,448612,Bilal EL KHANNOUSS,464,570,0,0,0,570,0.814035088
2026,43872,Morocco,485767,Redouane HALHAL,180,570,0,0,0,570,0.315789474
2026,43879,Senegal,370171,Abdoulaye Seck,58,390,0,0,0,390,0.148717949
2026,43879,Senegal,431788,Pape GUEYE,237,390,0,0,0,390,0.607692308
2026,43879,Senegal,464842,Lamine CAMARA,248,390,0,0,0,390,0.635897436
2026,43883,South Africa,390475,Sphephelo SITHOLE,229,360,131,0,131,229,1
2026,43883,South Africa,395050,Aubrey MODIBA,346,360,0,0,0,360,0.961111111
2026,43883,South Africa,395984,Themba ZWANE,23,360,276,0,276,84,0.273809524
2026,43883,South Africa,403616,Teboho MOKOENA,270,360,90,0,90,270,1
2026,43883,South Africa,463221,Nkosinathi SIBISI,90,360,0,0,0,360,0.25
2026,43883,South Africa,494248,Thalente MBATHA,259,360,0,0,0,360,0.719444444
2026,43888,Tunisia,336459,Rani Khedira,151,270,0,0,0,270,0.559259259
2026,43899,Canada,371958,Derek CORNELIUS,315,450,0,0,0,450,0.7
2026,43899,Canada,390670,Cyle LARIN,189,450,0,0,0,450,0.42
2026,43899,Canada,423941,Nathan SALIBA,183,450,0,0,0,450,0.406666667
2026,43899,Canada,431696,Richie LARYEA,431,450,0,0,0,450,0.957777778
2026,43899,Canada,441252,Alistair JOHNSTON,450,450,0,0,0,450,1
2026,43899,Canada,441257,Jonathan DAVID,421,450,0,0,0,450,0.935555556
2026,43899,Canada,441259,Liam MILLAR,163,450,0,0,0,450,0.362222222
2026,43899,Canada,480322,Luc DE FOUGEROLLES,372,450,0,0,0,450,0.826666667
2026,43899,Canada,485064,Niko SIGUR,125,450,0,0,0,450,0.277777778
2026,43908,Haiti,295922,Johny Placide,270,270,0,0,0,270,1
2026,43908,Haiti,394993,Duckens NAZON,23,270,0,0,0,270,0.085185185
2026,43908,Haiti,397775,Carlens ARCUS,145,270,0,0,0,270,0.537037037
2026,43908,Haiti,430697,Jean-Ricner Bellegarde,261,270,0,0,0,270,0.966666667
2026,43908,Haiti,431693,Frantzdy Pierrot,142,270,0,0,0,270,0.525925926
2026,43908,Haiti,466838,Danley JEAN JACQUES,260,270,0,0,0,270,0.962962963
2026,43908,Haiti,510757,Josue CASIMIR,181,270,0,0,0,270,0.67037037
2026,43911,Mexico,395516,Cesar MONTES,315,450,90,0,90,360,0.875
2026,43911,Mexico,400634,Edson ALVAREZ,239,450,0,0,0,450,0.531111111
2026,43911,Mexico,403596,Jorge SANCHEZ,349,450,0,0,0,450,0.775555556
2026,43911,Mexico,425701,Johan VASQUEZ,360,450,0,0,0,450,0.8
2026,43911,Mexico,464533,Brian GUTIERREZ,197,450,0,0,0,450,0.437777778
2026,43914,Panama,400416,Edgar Yoel BARCENAS,251,270,0,0,0,270,0.92962963
2026,43914,Panama,411174,Jose FAJARDO,155,270,0,0,0,270,0.574074074
2026,43914,Panama,418729,Carlos HARVEY,268,270,0,0,0,270,0.992592593
2026,43914,Panama,441240,Andres ANDRADE,270,270,0,0,0,270,1
2026,43914,Panama,441242,Cesar BLACKMAN,180,270,0,0,0,270,0.666666667
2026,43921,USA,390238,Tyler ADAMS,342,450,0,0,0,450,0.76
2026,43921,USA,390259,Weston McKENNIE,446,450,0,0,0,450,0.991111111
2026,43921,USA,419062,Chris RICHARDS,360,450,0,0,0,450,0.8
2026,43921,USA,441251,Antonee ROBINSON,350,450,0,0,0,450,0.777777778
2026,43921,USA,448214,Malik TILLMAN,356,450,0,0,0,450,0.791111111
2026,43921,USA,466624,Folarin BALOGUN,316,450,26,0,26,424,0.745283019
2026,43921,USA,499912,Sebastian BERHALTER,185,450,0,0,0,450,0.411111111
2026,43922,Argentina,332847,Leandro PAREDES,334,600,0,10,10,590,0.566101695
2026,43922,Argentina,402920,Lautaro MARTINEZ,301,600,0,0,0,600,0.501666667
2026,43922,Argentina,402926,Gonzalo MONTIEL,113,600,0,0,0,600,0.188333333
2026,43922,Argentina,418963,Facundo MEDINA,257,600,0,35,35,565,0.454867257
2026,43922,Argentina,418975,Thiago ALMADA,242,600,0,0,0,600,0.403333333
2026,43922,Argentina,495054,Jose Manuel LOPEZ,18,600,0,0,0,600,0.03
2026,43924,Brazil,308386,CASEMIRO,381,450,0,0,0,450,0.846666667
2026,43924,Brazil,314197,NEYMAR JR,37,450,0,180,180,270,0.137037037
2026,43924,Brazil,335656,DANILO,405,450,0,0,0,450,0.9
2026,43924,Brazil,367981,DOUGLAS SANTOS,442,450,0,0,0,450,0.982222222
2026,43924,Brazil,394456,FABINHO,69,450,0,0,0,450,0.153333333
2026,43924,Brazil,430594,ROGER IBANEZ,45,450,0,0,0,450,0.1
2026,43926,Colombia,386013,Davinson SANCHEZ,480,480,0,0,0,480,1
2026,43926,Colombia,394500,Johan MOJICA,390,480,0,0,0,480,0.8125
2026,43926,Colombia,395550,Jefferson LERMA,412,480,0,0,0,480,0.858333333
2026,43926,Colombia,428905,Luis SUAREZ,332,480,0,0,0,480,0.691666667
2026,43926,Colombia,441622,Jhon LUCUMI,478,480,0,2,2,478,1
2026,43926,Colombia,463902,Gustavo PUERTA,470,480,0,0,0,480,0.979166667
2026,43926,Colombia,470760,Jhon ARIAS,381,480,0,0,0,480,0.79375
2026,43926,Colombia,473050,Richard RIOS,136,480,0,0,0,480,0.283333333
2026,43927,Ecuador,389784,Alan FRANCO,254,360,0,0,0,360,0.705555556
2026,43927,Ecuador,419003,Jackson POROZO,28,360,0,0,0,360,0.077777778
2026,43927,Ecuador,419005,Jordy ALCIVAR,45,360,0,0,0,360,0.125
2026,43927,Ecuador,419020,Gonzalo PLATA,360,360,0,0,0,360,1
2026,43927,Ecuador,424031,Piero HINCAPIE,341,360,0,19,19,341,1
2026,43927,Ecuador,428885,Moises CAICEDO,360,360,0,0,0,360,1
2026,43927,Ecuador,463495,Kendry PAEZ,11,360,0,0,0,360,0.030555556
2026,43928,Paraguay,369749,Junior ALONSO,390,480,0,0,0,480,0.8125
2026,43928,Paraguay,369761,Miguel ALMIRON,285,480,135,0,135,345,0.826086957
2026,43928,Paraguay,385306,Andres CUBAS,480,480,0,0,0,480,1
2026,43928,Paraguay,424422,Matias GALARZA,390,480,0,0,0,480,0.8125
2026,43928,Paraguay,463128,Diego GOMEZ,307,480,120,23,143,337,0.910979228
2026,43928,Paraguay,479601,Juan Jose CACERES,439,480,0,0,0,480,0.914583333
2026,43928,Paraguay,485802,Alex ARCE,51,480,0,0,0,480,0.10625
2026,43930,Uruguay,368660,Guillermo VARELA,270,270,0,0,0,270,1
2026,43930,Uruguay,386538,Rodrigo BENTANCUR,270,270,0,0,0,270,1
2026,43930,Uruguay,402876,Agustin CANOBBIO,225,270,0,0,0,270,0.833333333
2026,43930,Uruguay,402893,Mathias OLIVERA,270,270,0,0,0,270,1
2026,43930,Uruguay,402898,Nicolas DE LA CRUZ,83,270,0,0,0,270,0.307407407
2026,43930,Uruguay,419134,Juan Manuel SANABRIA,205,270,0,0,0,270,0.759259259
2026,43934,Austria,299200,Marko ARNAUTOVIC,143,360,0,0,0,360,0.397222222
2026,43934,Austria,358241,Marcel SABITZER,360,360,0,0,0,360,1
2026,43934,Austria,385259,Konrad LAIMER,360,360,0,0,0,360,1
2026,43934,Austria,441067,Stefan POSCH,332,360,0,0,0,360,0.922222222
2026,43935,Belgium,290821,Axel WITSEL,31,570,0,0,0,570,0.054385965
2026,43935,Belgium,358112,Romelu LUKAKU,230,570,0,0,0,570,0.403508772
2026,43935,Belgium,358120,Kevin DE BRUYNE,386,570,0,0,0,570,0.677192982
2026,43935,Belgium,411443,Timothy CASTAGNE,478,570,0,0,0,570,0.838596491
2026,43935,Belgium,448360,Brandon MECHELE,570,570,0,0,0,570,1
2026,43935,Belgium,448373,Maxim DE CUYPER,442,570,0,0,0,570,0.775438596
2026,43935,Belgium,514166,Nathan NGOY,336,570,114,0,114,456,0.736842105
2026,43938,Croatia,241559,Luka MODRIC,319,360,0,0,0,360,0.886111111
2026,43938,Croatia,359381,Ivan PERISIC,360,360,0,0,0,360,1
2026,43938,Croatia,485066,Petar SUCIC,288,360,0,0,0,360,0.8
2026,43942,England,356189,Jordan HENDERSON,6,570,0,0,0,570,0.010526316
2026,43942,England,405841,Marc GUEHI,483,570,0,0,0,570,0.847368421
2026,43942,England,433097,Declan RICE,387,570,0,0,0,570,0.678947368
2026,43942,England,448202,Jude BELLINGHAM,515,570,0,0,0,570,0.903508772
2026,43942,England,463780,Nico OREILLY,456,570,0,0,0,570,0.8
2026,43942,England,463809,Jarell QUANSAH,117,570,156,27,183,387,0.302325581
2026,43946,France,405893,Aurelien TCHOUAMENI,270,540,0,0,0,540,0.5
2026,43946,France,484860,Bradley BARCOLA,282,540,0,0,0,540,0.522222222
2026,43946,France,485655,Michael OLISE,488,540,0,0,0,540,0.903703704
2026,43946,France,485677,Manu KONE,341,540,0,0,0,540,0.631481481
2026,43948,Germany,411367,Kai HAVERTZ,355,390,0,0,0,390,0.91025641
2026,43948,Germany,429642,Jamal MUSIALA,271,390,0,0,0,390,0.694871795
2026,43948,Germany,484849,Aleksandar PAVLOVIC,274,390,0,0,0,390,0.702564103
2026,43960,Netherlands,336098,Memphis DEPAY,51,390,0,0,0,390,0.130769231
2026,43960,Netherlands,448140,Micky VAN DE VEN,266,390,0,0,0,390,0.682051282
2026,43960,Netherlands,489518,Crysencio SUMMERVILLE,253,390,0,0,0,390,0.648717949
2026,43961,Norway,483442,Patrick BERG,444,570,0,0,0,570,0.778947368
2026,43961,Norway,483448,Antonio NUSA,320,570,0,0,0,570,0.561403509
2026,43961,Norway,483516,Kristoffer AJER,480,570,0,0,0,570,0.842105263
2026,43963,Portugal,384752,RUBEN DIAS,360,450,0,0,0,450,0.8
2026,43963,Portugal,395205,BERNARDO SILVA,94,450,0,0,0,450,0.208888889
2026,43963,Portugal,395212,NELSON SEMEDO,125,450,0,0,0,450,0.277777778
2026,43963,Portugal,489704,RENATO VEIGA,450,450,0,0,0,450,1
2026,43963,Portugal,492358,TOMAS ARAUJO,90,450,0,0,0,450,0.2
2026,43967,Scotland,401339,Andy ROBERTSON,225,270,0,45,45,225,1
2026,43967,Scotland,430097,Ryan Christie,95,270,0,0,0,270,0.351851852
2026,43967,Scotland,442428,Aaron HICKEY,75,270,0,0,0,270,0.277777778
2026,43967,Scotland,484051,Kenny McLEAN,117,270,0,0,0,270,0.433333333
2026,43967,Scotland,520217,Findlay CURTIS,8,270,0,0,0,270,0.02962963
2026,43969,Spain,335999,Aymeric LAPORTE,540,540,0,0,0,540,1
2026,43969,Spain,405545,Ferran TORRES,209,540,0,0,0,540,0.387037037
2026,43969,Spain,423646,PEDRI,430,540,0,0,0,540,0.796296296
2026,43969,Spain,447860,Alex BAENA,328,540,0,0,0,540,0.607407407
2026,43969,Spain,474973,Pau CUBARSI,540,540,0,0,0,540,1
2026,43970,Sweden,483276,Gabriel GUDMUNDSSON,331,360,0,26,26,334,0.991017964
2026,43970,Sweden,483312,Isak HIEN,217,360,0,143,143,217,1
2026,43970,Sweden,483327,Viktor GYOKERES,360,360,0,0,0,360,1
2026,43970,Sweden,489688,Yasin AYARI,341,360,0,0,0,360,0.947222222
2026,43970,Sweden,489689,Lucas BERGVALL,179,360,0,0,0,360,0.497222222
2026,43971,Switzerland,311558,Granit XHAKA,600,600,0,0,0,600,1
2026,43971,Switzerland,393480,Breel EMBOLO,505,600,48,0,48,552,0.914855072
2026,43971,Switzerland,398509,Nico ELVEDI,600,600,0,0,0,600,1
2026,43971,Switzerland,401448,Denis ZAKARIA,360,600,0,3,3,597,0.603015075
2026,43971,Switzerland,493221,Miro MUHEIM,84,600,0,180,180,420,0.2
2026,43972,Türkiye,406231,Yunus AKGUN,88,270,0,0,0,270,0.325925926
2026,43972,Türkiye,484065,Eren ELMALI,109,270,0,0,0,270,0.403703704
2026,43976,Australia,355775,Jackson IRVINE,223,390,0,0,0,390,0.571794872
2026,43976,Australia,423522,Jordan BOS,308,390,0,75,75,315,0.977777778
2026,43976,Australia,430442,Harry SOUTTAR,390,390,0,0,0,390,1
2026,43976,Australia,430450,Jacob ITALIANO,164,390,0,210,210,180,0.911111111
2026,43976,Australia,448014,Alessandro CIRCATI,390,390,0,0,0,390,1
2026,43978,New Zealand,390196,Callum McCOWATT,160,270,0,0,0,270,0.592592593
2026,43978,New Zealand,390209,Sarpreet SINGH,211,270,0,0,0,270,0.781481481
2026,43978,New Zealand,405454,Elijah JUST,265,270,0,0,0,270,0.981481481
2026,43978,New Zealand,423595,Marko STAMENIC,270,270,0,0,0,270,1
2026,43995,Czechia,441170,Ladislav KREJCI,270,270,0,0,0,270,1
2026,44005,Uzbekistan,371345,Odiljon XAMROBEKOV,77,270,0,0,0,270,0.285185185
2026,44005,Uzbekistan,464924,Abdukodir KHUSANOV,270,270,0,0,0,270,1
2026,44005,Uzbekistan,479075,Sherzod NASRULLAEV,180,270,0,0,0,270,0.666666667
2026,44037,Bosnia and Herzegovina,300409,Edin DZEKO,177,360,0,39,39,321,0.551401869
2026,44037,Bosnia and Herzegovina,436743,Ermedin DEMIROVIC,355,360,0,0,0,360,0.986111111
2026,44037,Bosnia and Herzegovina,482976,Amar DEDIC,270,360,0,0,0,360,0.75
2026,44037,Bosnia and Herzegovina,484022,Tarik MUHAREMOVIC,260,360,100,0,100,260,1
2026,44037,Bosnia and Herzegovina,489520,Nikola KATIC,318,360,0,0,0,360,0.883333333
2026,44037,Bosnia and Herzegovina,489521,Stjepan RADELJIC,180,360,0,0,0,360,0.5
2026,44037,Bosnia and Herzegovina,519954,Jovo LUKIC,66,360,0,0,0,360,0.183333333
2026,44037,Bosnia and Herzegovina,522846,Ermin MAHMIC,66,360,0,0,0,360,0.183333333
