edition,team_id,team,player_id,player,primary_cohort,rho,mu,ordinary_caution_min,dismissal_min,served_suspension_matches,served_suspension_min,unweighted_exp_susp_min,omega,exp_susp_min
2014,43817,Iran,185641,Javad NEKOUNAM,no,2,1.25,308,0,0,0,308,1,308
2014,43817,Iran,213170,Masoud SHOJAEI,no,2,1.25,288,0,0,0,288,0.451851852,130.133333
2014,43817,Iran,237949,Andranik TIMOTIAN,no,2,1.25,376,0,0,0,376,1,376
2014,43817,Iran,330659,Karim ANSARIFARD,no,2,1.25,183,0,0,0,183,0.085185185,15.588889
2014,43819,Japan,184373,Yasuyuki KONNO,no,2,1.25,255,0,0,0,255,0.666666667,170
2014,43819,Japan,268594,Masato Morishige,no,2,1.25,387,0,0,0,387,0.333333333,129
2014,43819,Japan,271253,Maya Yoshida,no,2,1.25,428,0,0,0,428,1,428
2014,43819,Japan,289027,Makoto Hasebe,no,2,1.25,349,0,0,0,349,0.696296296,243.007407
2014,43822,Korea Republic,268406,KI Sungyueng,no,2,1.25,421,0,0,0,421,1,421
2014,43822,Korea Republic,274329,HAN Kookyoung,no,2,1.25,292,0,0,0,292,0.785185185,229.274074
2014,43822,Korea Republic,291393,KOO Jacheol,no,2,1.25,361,0,0,0,361,1,361
2014,43822,Korea Republic,307849,SON Heungmin,no,2,1.25,438,0,0,0,438,0.907407407,397.444444
2014,43822,Korea Republic,312679,HONG Jeongho,no,2,1.25,236,0,0,0,236,0.933333333,220.266667
2014,43822,Korea Republic,363578,LEE Yong,no,2,1.25,307,0,0,0,307,1,307
2014,43843,Algeria,215208,Madjid BOUGUERRA,yes,2,1.25,294,0,0,0,294,0.517948718,152.276923
2014,43843,Algeria,296827,Rafik HALLICHE,yes,2,1.25,139,0,0,0,139,0.938461538,130.446154
2014,43843,Algeria,323339,Djamel MESBAH,yes,2,1.25,231,0,0,0,231,0.461538462,106.615385
2014,43843,Algeria,354883,Liassine CADAMURO,yes,2,1.25,180,0,0,0,180,0,0
2014,43843,Algeria,367261,Nabil GHILAS,yes,2,1.25,184,0,0,0,184,0.1,18.4
2014,43843,Algeria,379939,Nabil Bentaleb,yes,2,1.25,417,0,0,0,417,0.692307692,288.692308
2014,43849,Cameroon,200259,Dany NOUNKEU,no,2,1.25,374,0,0,0,374,0.333333333,124.666667
2014,43849,Cameroon,200261,Alexandre SONG,no,2,1.25,0,106.24,1,112.5,218.74,0.906976744,198.392093
2014,43849,Cameroon,200935,Stephane MBIA,no,2,1.25,191,0,0,0,191,1,191
2014,43849,Cameroon,310048,Eyong ENOH,no,2,1.25,259,0,0,0,259,1,259
2014,43849,Cameroon,336791,Edgar SALLI,no,2,1.25,196,0,0,0,196,0.181481481,35.57037
2014,43854,Côte d'Ivoire,176971,Didier ZOKORA,no,2,1.25,159,0,1,112.5,271.5,1,271.5
2014,43854,Côte d'Ivoire,207946,Souleymane Bamba,no,2,1.25,397,0,0,0,397,1,397
2014,43854,Côte d'Ivoire,212306,Didier DROGBA,no,2,1.25,234,0,0,0,234,0.507407407,118.733333
2014,43854,Côte d'Ivoire,216970,Salomon KALOU,no,2,1.25,209,0,0,0,209,0.755555556,157.911111
2014,43854,Côte d'Ivoire,291329,Cheick TIOTÉ,no,2,1.25,271,0,0,0,271,0.888888889,240.888889
2014,43854,Côte d'Ivoire,367555,Serey DIE,no,2,1.25,201,0,0,0,201,0.825925926,166.011111
2014,43860,Ghana,183000,Sulley MUNTARI,no,2,1.25,90,0,1,112.5,202.5,1,202.5
2014,43860,Ghana,294626,Harrison Afful,no,2,1.25,232,0,0,0,232,0.666666667,154.666667
2014,43860,Ghana,311850,Mohammed RABIU,no,2,1.25,421,0,0,0,421,0.822222222,346.155555
2014,43860,Ghana,353235,Jordan Ayew,no,2,1.25,193,0,0,0,193,0.433333333,83.633333
2014,43860,Ghana,367393,Majeed WARIS,no,2,1.25,216,0,0,0,216,0.259259259,56
2014,43876,Nigeria,234463,John Obi MIKEL,yes,2,1.25,279,0,0,0,279,1,279
2014,43876,Nigeria,315424,Kenneth OMERUO,yes,2,1.25,222,0,0,0,222,1,222
2014,43876,Nigeria,356712,Juwon OSHANIWA,yes,2,1.25,220,0,0,0,220,1,220
2014,43901,Costa Rica,199175,Keylor NAVAS,yes,2,1.25,91,0,0,0,91,1,91
2014,43901,Costa Rica,208120,Michael UMANA,yes,2,1.25,39,0,0,0,39,0.8125,31.6875
2014,43901,Costa Rica,209940,Junior DIAZ,yes,2,1.25,54,0,0,0,54,1,54
2014,43901,Costa Rica,214876,Bryan RUIZ,yes,2,1.25,111,0,0,0,111,0.9625,106.8375
2014,43901,Costa Rica,268821,Giancarlo GONZALEZ,yes,2,1.25,221,0,0,0,221,1,221
2014,43901,Costa Rica,268822,Jose CUBERO,yes,2,1.25,290,0,0,0,290,0.185416667,53.770833
2014,43901,Costa Rica,301165,Oscar GRANADOS,yes,2,1.25,124,0,0,0,124,0,0
2014,43901,Costa Rica,307541,Yeltsin TEJEDA,yes,2,1.25,133,0,0,0,133,0.814583333,108.339583
2014,43901,Costa Rica,312987,Oscar DUARTE,yes,2,1.25,49,114,1,112.5,275.5,1,275.5
2014,43901,Costa Rica,339447,Johnny ACOSTA,yes,2,1.25,14,0,0,0,14,0.279166667,3.908333
2014,43909,Honduras,209827,Wilson PALACIOS,no,2,1.25,63,102.16,1,112.5,277.66,1,277.66
2014,43909,Honduras,213878,Victor BERNARDEZ,no,2,1.25,354,0,0,0,354,0.833333333,295
2014,43909,Honduras,213953,Jerry PALACIOS,no,2,1.25,205,0,0,0,205,0.188888889,38.722222
2014,43909,Honduras,237071,Boniek GARCIA,no,2,1.25,398,0,0,0,398,0.751851852,299.237037
2014,43909,Honduras,270400,Luis GARRIDO,no,2,1.25,368,0,0,0,368,0.592592593,218.074074
2014,43909,Honduras,323623,Jerry BENGTSON,no,2,1.25,313,0,0,0,313,0.833333333,260.833333
2014,43911,Mexico,178119,Rafael MARQUEZ,yes,2,1.25,142,0,0,0,142,1,142
2014,43911,Mexico,238112,Hector MORENO,yes,2,1.25,394,0,0,0,394,0.875,344.75
2014,43911,Mexico,251352,Andres GUARDADO,yes,2,1.25,90,0,0,0,90,0.919444444,82.75
2014,43911,Mexico,289195,Paul AGUILAR,yes,2,1.25,234,0,0,0,234,1,234
2014,43911,Mexico,379264,Jose VAZQUEZ,yes,2,1.25,144,0,1,112.5,256.5,1,256.5
2014,43921,United States,175512,Kyle BECKERMAN,yes,2,1.25,209,0,0,0,209,0.692307692,144.692308
2014,43921,United States,183893,Jermaine JONES,yes,2,1.25,286,0,0,0,286,1,286
2014,43921,United States,234405,Omar GONZALEZ,yes,2,1.25,234,0,0,0,234,0.538461538,126
2014,43921,United States,321971,Geoff Cameron,yes,2,1.25,163,0,0,0,163,0.769230769,125.384615
2014,43922,Argentina,182372,Javier MASCHERANO,yes,2,1.25,27,0,0,0,27,1,27
2014,43922,Argentina,200130,Ezequiel GARAY,yes,2,1.25,90,0,0,0,90,1,90
2014,43922,Argentina,200133,Lucas BIGLIA,yes,2,1.25,16,0,0,0,16,0.484722222,7.755556
2014,43922,Argentina,228528,Sergio AGUERO,yes,2,1.25,26,0,0,0,26,0.433333333,11.266667
2014,43922,Argentina,233703,Martin DEMICHELIS,yes,2,1.25,42,0,0,0,42,0.458333333,19.25
2014,43922,Argentina,266800,Angel DI MARIA,yes,2,1.25,91,0,0,0,91,0.737762238,67.136364
2014,43922,Argentina,318688,Marcos ROJO,yes,2,1.25,337,0,1,112.5,449.5,0.976190476,438.797619
2014,43924,Brazil,179038,JULIO CESAR,yes,2,1.25,13,0,0,0,13,1,13
2014,43924,Brazil,190962,DANI ALVES,yes,2,1.25,105,0,0,0,105,0.590909091,62.045455
2014,43924,Brazil,208016,FERNANDINHO,yes,2,1.25,37,0,0,0,37,0.448484848,16.593939
2014,43924,Brazil,217172,JO,yes,2,1.25,118,0,0,0,118,0.257575758,30.393939
2014,43924,Brazil,289964,THIAGO SILVA,yes,2,1.25,397,0,1,112.5,509.5,1,509.5
2014,43924,Brazil,298959,RAMIRES,yes,2,1.25,316,0,0,0,316,0.378787879,119.69697
2014,43924,Brazil,312868,OSCAR,yes,2,1.25,23,0,0,0,23,0.966666667,22.233333
2014,43924,Brazil,314197,NEYMAR,yes,2,1.25,424,0,0,0,424,0.951781971,403.555556
2014,43924,Brazil,318172,HULK,yes,2,1.25,126,0,0,0,126,0.596969697,75.218182
2014,43924,Brazil,367913,DANTE,yes,2,1.25,23,0,0,0,23,0.136363636,3.136364
2014,43924,Brazil,367918,LUIZ GUSTAVO,yes,2,1.25,304,0,1,112.5,416.5,0.921052632,383.618421
2014,43925,Chile,201787,Mauricio PINILLA,yes,2,1.25,109,0,0,0,109,0.120512821,13.135897
2014,43925,Chile,267543,Arturo VIDAL,yes,2,1.25,335,0,0,0,335,0.594871795,199.282051
2014,43925,Chile,318150,Charles ARANGUIZ,yes,2,1.25,365,0,0,0,365,0.930769231,339.730769
2014,43925,Chile,349582,Francisco SILVA,yes,2,1.25,207,0,0,0,207,0.715384615,148.084615
2014,43925,Chile,349592,Eugenio MENA,yes,2,1.25,284,0,0,0,284,1,284
2014,43926,Colombia,200213,Pablo ARMERO,yes,2,1.25,103,0,0,0,103,0.92,94.76
2014,43926,Colombia,200219,Fredy GUARIN,yes,2,1.25,208,0,1,112.5,320.5,0.527777778,169.152778
2014,43926,Colombia,269058,James RODRIGUEZ,yes,2,1.25,24,0,0,0,24,0.886666667,21.28
2014,43926,Colombia,280487,Carlos SANCHEZ,yes,2,1.25,425,0,0,0,425,0.8,340
2014,43926,Colombia,3408,Mario YEPES,yes,2,1.25,22,0,0,0,22,0.8,17.6
2014,43927,Ecuador,202544,Antonio VALENCIA,no,2,1.25,304,90.56,0,0,394.56,1,394.56
2014,43927,Ecuador,290452,Jefferson MONTERO,no,2,1.25,281,0,0,0,281,0.844444444,237.288889
2014,43927,Ecuador,349576,Juan PAREDES,no,2,1.25,398,0,0,0,398,1,398
2014,43927,Ecuador,349578,Frickson ERAZO,no,2,1.25,188,0,0,0,188,1,188
2014,43927,Ecuador,373400,Enner VALENCIA,no,2,1.25,288,0,0,0,288,1,288
2014,43930,Uruguay,229498,Fernando MUSLERA,yes,2,1.25,180,0,0,0,180,1,180
2014,43930,Uruguay,229499,Diego GODIN,yes,2,1.25,352,0,0,0,352,1,352
2014,43930,Uruguay,239433,Diego LUGANO,yes,2,1.25,325,0,0,0,325,1,325
2014,43930,Uruguay,267829,Martin CACERES,yes,2,1.25,370,0,0,0,370,1,370
2014,43930,Uruguay,276131,Walter GARGANO,yes,2,1.25,394,0,0,0,394,0.163888889,64.572222
2014,43930,Uruguay,286238,Egidio AREVALO,yes,2,1.25,225,0,0,0,225,1,225
2014,43930,Uruguay,286481,Maximiliano PEREIRA,yes,2,1.25,0,4.26,1,112.5,116.76,0.833333333,97.3
2014,43930,Uruguay,368655,Jose GIMENEZ,yes,2,1.25,126,0,0,0,126,0.75,94.5
2014,43935,Belgium,216004,Vincent KOMPANY,yes,2,1.25,139,0,0,0,139,1,139
2014,43935,Belgium,273996,Eden HAZARD,yes,2,1.25,38,0,0,0,38,0.764583333,29.054167
2014,43935,Belgium,290821,Axel WITSEL,yes,2,1.25,307,0,0,0,307,0.8125,249.4375
2014,43935,Belgium,290824,Steven DEFOUR,yes,2,1.25,0,100.86,1,112.5,213.36,0.140127389,29.89758
2014,43935,Belgium,290825,Moussa DEMBELE,yes,2,1.25,221,0,0,0,221,0.320833333,70.904167
2014,43935,Belgium,290864,Toby ALDERWEIRELD,yes,2,1.25,311,0,0,0,311,0.8125,252.6875
2014,43935,Belgium,290904,Jan VERTONGHEN,yes,2,1.25,427,0,0,0,427,0.9375,400.3125
2014,43938,Croatia,214384,EDUARDO,no,2,1.25,272,0,0,0,272,0.081481481,22.162963
2014,43938,Croatia,296633,Ivan RAKITIC,no,2,1.25,262,0,0,0,262,1,262
2014,43938,Croatia,297373,Vedran CORLUKA,no,2,1.25,385,0,0,0,385,1,385
2014,43938,Croatia,312432,Dejan Lovren,no,2,1.25,382,0,0,0,382,1,382
2014,43938,Croatia,369058,Ante REBIC,no,2,1.25,0,12.2,0,0,12.2,0.171641791,2.09403
2014,43942,England,214961,Steven GERRARD,no,2,1.25,293,0,0,0,293,0.733333333,214.866667
2014,43942,England,336043,Raheem Sterling,no,2,1.25,360,0,0,0,360,0.674074074,242.666667
2014,43942,England,361222,Adam LALLANA,no,2,1.25,214,0,0,0,214,0.340740741,72.918519
2014,43942,England,369392,Ross Barkley,no,2,1.25,218,0,0,0,218,0.544444444,118.688889
2014,43946,France,212246,Patrice EVRA,yes,2,1.25,444,0,0,0,444,0.8,355.2
2014,43946,France,358013,Yohan CABAYE,yes,2,1.25,137,0,1,112.5,249.5,0.877777778,219.005556
2014,43946,France,358014,Blaise Matuidi,yes,2,1.25,126,0,0,0,126,0.946666667,119.28
2014,43946,France,367388,Paul Pogba,yes,2,1.25,423,0,0,0,423,0.786666667,332.76
2014,43948,Germany,196748,Philipp LAHM,yes,2,1.25,104,0,0,0,104,1,104
2014,43948,Germany,196752,Bastian SCHWEINSTEIGER,yes,2,1.25,73,0,0,0,73,0.730434783,53.321739
2014,43948,Germany,196900,Sami KHEDIRA,yes,2,1.25,37,0,0,0,37,0.659649123,24.407018
2014,43948,Germany,311148,Benedikt HOEWEDES,yes,2,1.25,317,0,0,0,317,1,317
2014,43949,Greece,214887,Konstantinos KATSOURANIS,yes,2,1.25,64,114.56,1,112.5,291.06,0.64516129,187.780645
2014,43949,Greece,215513,Dimitrios SALPINGIDIS,yes,2,1.25,396,0,0,0,396,0.622222222,246.4
2014,43949,Greece,228336,Vasileios TOROSIDIS,yes,2,1.25,272,0,0,0,272,1,272
2014,43949,Greece,297112,Georgios SAMARAS,yes,2,1.25,306,0,0,0,306,1,306
2014,43949,Greece,299090,Sokratis Papastathopoulos,yes,2,1.25,399,0,0,0,399,1,399
2014,43949,Greece,323556,Konstantinos Manolas,yes,2,1.25,109,0,0,0,109,1,109
2014,43949,Greece,362649,Andreas Samaris,yes,2,1.25,145,0,0,0,145,0.377777778,54.777778
2014,43954,Italy,298664,Claudio MARCHISIO,no,2,1.25,0,75.9,0,0,75.9,0.907563025,68.884034
2014,43954,Italy,301059,Mario BALOTELLI,no,2,1.25,181,0,0,0,181,0.766666667,138.766667
2014,43954,Italy,359223,Mattia De Sciglio,no,2,1.25,194,0,0,0,194,0.5,97
2014,43960,Netherlands,184615,Klaas Jan HUNTELAAR,yes,2,1.25,26,0,0,0,26,0.079710145,2.072464
2014,43960,Netherlands,184616,Arjen ROBBEN,yes,2,1.25,82,0,0,0,82,1,82
2014,43960,Netherlands,217315,Robin VAN PERSIE,yes,2,1.25,159,0,1,112.5,271.5,0.906666667,246.16
2014,43960,Netherlands,298677,Jonathan DE GUZMAN,yes,2,1.25,481,0,0,0,481,0.330434783,158.939131
2014,43960,Netherlands,313021,Stefan de Vrij,yes,2,1.25,410,0,0,0,410,0.979710145,401.681159
2014,43960,Netherlands,319432,Daley Blind,yes,2,1.25,207,0,0,0,207,0.969565217,200.7
2014,43960,Netherlands,358736,Bruno MARTINS INDI,yes,2,1.25,73,0,0,0,73,0.662318841,48.349275
2014,43963,Portugal,200199,JOAO MOUTINHO,no,2,1.25,180,0,0,0,180,1,180
2014,43963,Portugal,214407,JOAO PEREIRA,no,2,1.25,440,0,0,0,440,0.888888889,391.111111
2014,43963,Portugal,275931,PEPE,no,2,1.25,0,112.2,1,112.5,224.7,1,224.7
2014,43965,Russia,300237,Dmitri KOMBAROV,no,2,1.25,214,0,0,0,214,1,214
2014,43965,Russia,358049,Denis Glushakov,no,2,1.25,323,0,0,0,323,0.762962963,246.437037
2014,43965,Russia,358891,Oleg Shatov,no,2,1.25,402,0,0,0,402,0.762962963,306.711111
2014,43965,Russia,369983,Aleksey Kozlov,no,2,1.25,212,0,0,0,212,0.559259259,118.562963
2014,43969,Spain,176644,Iker CASILLAS,no,2,1.25,386,0,0,0,386,0.666666667,257.333333
2014,43969,Spain,207528,Xabi ALONSO,no,2,1.25,320,0,0,0,320,0.696296296,222.814815
2014,43969,Spain,216814,Sergio RAMOS,no,2,1.25,209,0,0,0,209,1,209
2014,43971,Switzerland,216645,Johan DJOUROU,yes,2,1.25,367,0,0,0,367,1,367
2014,43971,Switzerland,216650,Gelson FERNANDES,yes,2,1.25,108,0,0,0,108,0.141025641,15.230769
2014,43971,Switzerland,311558,Granit Xhaka,yes,2,1.25,145,0,0,0,145,0.823076923,119.346154
2014,43976,Australia,197411,Mark MILLIGAN,no,2,1.25,383,0,0,0,383,0.5,191.5
2014,43976,Australia,197514,Mile JEDINAK,no,2,1.25,213,0,0,0,213,1,213
2014,43976,Australia,213001,Tim CAHILL,no,2,1.25,185,0,1,112.5,297.5,0.877777778,261.138889
2014,43976,Australia,229051,Matthew SPIRANOVIC,no,2,1.25,183,0,0,0,183,1,183
2014,44037,Bosnia-Herzegovina,216069,Emir SPAHIC,no,2,1.25,388,0,0,0,388,1,388
2014,44037,Bosnia-Herzegovina,233167,Haris Medunjanin,no,2,1.25,355,0,0,0,355,0.296296296,105.185185
2014,44037,Bosnia-Herzegovina,358101,Muhamed BESIC,no,2,1.25,194,0,0,0,194,1,194
2018,1902465,Serbia,214388,Branislav IVANOVIC,no,2,1.25,391,0,0,0,391,0.666666667,260.666667
2018,1902465,Serbia,294103,Aleksandar PRIJOVIC,no,2,1.25,360,0,0,0,360,0,0
2018,1902465,Serbia,310082,Nemanja MATIC,no,2,1.25,175,0,0,0,175,1,175
2018,1902465,Serbia,319554,Adem LJAJIC,no,2,1.25,237,0,0,0,237,0.62962963,149.222222
2018,1902465,Serbia,365641,Luka MILIVOJEVIC,no,2,1.25,321,0,0,0,321,0.633333333,203.3
2018,1902465,Serbia,370456,Aleksandar MITROVIC,no,2,1.25,112,0,0,0,112,0.996296296,111.585185
2018,1902465,Serbia,385545,Sergej MILINKOVIC-SAVIC,no,2,1.25,327,0,0,0,327,1,327
2018,43817,Iran,213170,Masoud SHOJAEI,no,2,1.25,440,0,0,0,440,0.251851852,110.814815
2018,43817,Iran,288961,Ehsan HAJI SAFI,no,2,1.25,218,0,0,0,218,0.796296296,173.592593
2018,43817,Iran,330659,Karim ANSARIFARD,no,2,1.25,360,0,0,0,360,0.659259259,237.333333
2018,43817,Iran,346735,Omid EBRAHIMI,no,2,1.25,270,0,0,0,270,0.959259259,259
2018,43817,Iran,379886,Alireza JAHANBAKHSH,no,2,1.25,403,0,0,0,403,0.633333333,255.233333
2018,43817,Iran,379887,Sardar AZMOUN,no,2,1.25,216,0,0,0,216,1,216
2018,43817,Iran,384795,Vahid AMIRI,no,2,1.25,281,0,0,0,281,0.985185185,276.837037
2018,43819,Japan,198117,Eiji KAWASHIMA,yes,2,1.25,360,0,0,0,360,1,360
2018,43819,Japan,268477,Tomoaki MAKINO,yes,2,1.25,204,0,0,0,204,0.25,51
2018,43819,Japan,271255,Takashi INUI,yes,2,1.25,292,0,0,0,292,0.811111111,236.844444
2018,43819,Japan,289027,Makoto HASEBE,yes,2,1.25,270,0,0,0,270,0.772222222,208.5
2018,43819,Japan,307719,Gaku SHIBASAKI,yes,2,1.25,140,0,0,0,140,0.947222222,132.611111
2018,43822,Korea Republic,307849,SON Heungmin,no,2,1.25,205,0,0,0,205,1,205
2018,43822,Korea Republic,314722,MOON Seonmin,no,2,1.25,222,0,0,0,222,0.540740741,120.044445
2018,43822,Korea Republic,321745,KIM Shinwook,no,2,1.25,437,0,0,0,437,0.244444444,106.822222
2018,43822,Korea Republic,356534,JUNG Wooyoung,no,2,1.25,181,0,0,0,181,0.47037037,85.137037
2018,43822,Korea Republic,363578,LEE Yong,no,2,1.25,297,0,0,0,297,1,297
2018,43822,Korea Republic,375754,KIM Younggwon,no,2,1.25,302,0,0,0,302,1,302
2018,43822,Korea Republic,390081,LEE Seungwoo,no,2,1.25,288,0,0,0,288,0.162962963,46.933333
2018,43822,Korea Republic,390525,LEE Jaesung,no,2,1.25,247,0,0,0,247,1,247
2018,43822,Korea Republic,395083,HWANG Heechan,no,2,1.25,395,0,0,0,395,0.751851852,296.981482
2018,43835,Saudi Arabia,218083,TAISEER ALJASSAM,no,2,1.25,360,0,0,0,360,1,360
2018,43855,Egypt,303682,AHMED FATHI,no,2,1.25,184,0,0,0,184,1,184
2018,43855,Egypt,344640,AHMED HEGAZY,no,2,1.25,360,0,0,0,360,1,360
2018,43855,Egypt,363863,TREZEGUET,no,2,1.25,303,0,0,0,303,0.885185185,268.211111
2018,43855,Egypt,401838,ALI GABR,no,2,1.25,220,0,0,0,220,1,220
2018,43855,Egypt,407023,SAM MORSY,no,2,1.25,360,0,0,0,360,0.148148148,53.333333
2018,43872,Morocco,232674,Karim EL AHMADI,no,2,1.25,304,0,0,0,304,0.985185185,299.496296
2018,43872,Morocco,291414,Noureddine AMRABAT,no,2,1.25,241,0,0,0,241,0.948148148,228.503704
2018,43872,Morocco,296799,Mbark BOUSSOUFA,no,2,1.25,239,0,0,0,239,1,239
2018,43872,Morocco,299073,Manuel DA COSTA,no,2,1.25,239,0,0,0,239,0.696296296,166.414815
2018,43872,Morocco,305954,Mehdi BENATIA,no,2,1.25,320,0,0,0,320,0.666666667,213.333333
2018,43872,Morocco,395755,Monir EL KAJOUI,no,2,1.25,181,0,0,0,181,1,181
2018,43872,Morocco,400721,Achraf HAKIMI,no,2,1.25,180,0,0,0,180,1,180
2018,43876,Nigeria,234463,John Obi MIKEL,no,2,1.25,180,0,0,0,180,0.992592593,178.666667
2018,43876,Nigeria,395529,William EKONG,no,2,1.25,380,0,0,0,380,1,380
2018,43876,Nigeria,402251,Leon BALOGUN,no,2,1.25,238,0,0,0,238,1,238
2018,43876,Nigeria,411700,Bryan IDOWU,no,2,1.25,316,0,0,0,316,0.837037037,264.503704
2018,43879,Senegal,332314,Idrissa Gana GUEYE,no,2,1.25,378,0,0,0,378,1,378
2018,43879,Senegal,336000,Mbaye NIANG,no,2,1.25,160,0,0,0,160,0.914814815,146.37037
2018,43879,Senegal,368848,Youssouf SABALY,no,2,1.25,270,0,0,0,270,0.940740741,254
2018,43879,Senegal,370169,Salif SANE,no,2,1.25,401,0,0,0,401,1,401
2018,43879,Senegal,395925,Cheikh NDOYE,no,2,1.25,270,0,0,0,270,0.137037037,37
2018,43888,Tunisia,370575,Ferjani SASSI,no,2,1.25,212,0,0,0,212,0.722222222,153.111111
2018,43888,Tunisia,407141,Ghaylen CHAALELI,no,2,1.25,180,0,0,0,180,0.333333333,60
2018,43888,Tunisia,407145,Anice BADRI,no,2,1.25,199,0,0,0,199,0.82962963,165.096296
2018,43901,Costa Rica,236536,Kendall WASTON,no,2,1.25,181,0,0,0,181,0.333333333,60.333333
2018,43901,Costa Rica,270143,David GUZMAN,no,2,1.25,394,0,0,0,394,0.911111111,358.977778
2018,43901,Costa Rica,307026,Cristian GAMBOA,no,2,1.25,258,0,0,0,258,0.944444444,243.666667
2018,43901,Costa Rica,307529,Joel CAMPBELL,no,2,1.25,241,0,0,0,241,0.422222222,101.755556
2018,43901,Costa Rica,339447,Johnny ACOSTA,no,2,1.25,276,0,0,0,276,1,276
2018,43901,Costa Rica,339797,Francisco CALVO,no,2,1.25,428,0,0,0,428,0.388888889,166.444444
2018,43911,Mexico,238112,Hector MORENO,yes,2,1.25,259,0,1,112.5,371.5,1,371.5
2018,43911,Mexico,251352,Andres GUARDADO,yes,2,1.25,90,0,0,0,90,0.852777778,76.75
2018,43911,Mexico,329092,Hector HERRERA,yes,2,1.25,305,0,0,0,305,1,305
2018,43911,Mexico,371044,Miguel LAYUN,yes,2,1.25,185,0,0,0,185,0.869444444,160.847222
2018,43911,Mexico,395518,Carlos SALCEDO,yes,2,1.25,103,0,0,0,103,1,103
2018,43911,Mexico,400634,Edson ALVAREZ,yes,2,1.25,142,0,0,0,142,0.741666667,105.316667
2018,43911,Mexico,402772,Jesus GALLARDO,yes,2,1.25,269,0,0,0,269,0.930555556,250.319445
2018,43914,Panama,197912,Gabriel GOMEZ,no,2,1.25,190,0,0,0,190,0.922222222,175.222222
2018,43914,Panama,213780,Luis TEJADA,no,2,1.25,180,0,0,0,180,0.188888889,34
2018,43914,Panama,267700,Armando COOPER,no,2,1.25,211,0,1,112.5,323.5,1,323.5
2018,43914,Panama,269514,Anibal GODOY,no,2,1.25,393,0,0,0,393,0.903703704,355.155556
2018,43914,Panama,337232,Eric DAVIS,no,2,1.25,432,0,0,0,432,0.666666667,288
2018,43914,Panama,385030,Fidel ESCOBAR,no,2,1.25,315,0,0,0,315,1,315
2018,43914,Panama,385031,Michael MURILLO,no,2,1.25,147,0,1,112.5,259.5,1,259.5
2018,43914,Panama,400416,Edgar BARCENAS,no,2,1.25,403,0,0,0,403,0.822222222,331.355555
2018,43914,Panama,411177,Ricardo AVILA,no,2,1.25,192,0,0,0,192,0.396296296,76.088889
2018,43922,Argentina,182372,Javier MASCHERANO,yes,2,1.25,178,0,0,0,178,1,178
2018,43922,Argentina,229397,Lionel MESSI,yes,2,1.25,180,0,0,0,180,1,180
2018,43922,Argentina,266790,Ever BANEGA,yes,2,1.25,156,0,0,0,156,0.6,93.6
2018,43922,Argentina,266796,Gabriel MERCADO,yes,2,1.25,309,0,0,0,309,0.75,231.75
2018,43922,Argentina,308322,Nicolas TAGLIAFICO,yes,2,1.25,161,0,0,0,161,0.972222222,156.527778
2018,43922,Argentina,310116,Nicolas OTAMENDI,yes,2,1.25,185,0,0,0,185,1,185
2018,43922,Argentina,318688,Marcos ROJO,yes,2,1.25,169,0,0,0,169,0.627777778,106.094444
2018,43922,Argentina,401204,Marcos ACUNA,yes,2,1.25,273,0,0,0,273,0.25,68.25
2018,43924,Brazil,208016,FERNANDINHO,yes,2,1.25,5,0,0,0,5,0.342222222,1.711111
2018,43924,Brazil,217161,FILIPE LUIS,yes,2,1.25,137,0,0,0,137,0.377777778,51.755556
2018,43924,Brazil,266774,FAGNER,yes,2,1.25,0,0,0,0,0,0.8,0
2018,43924,Brazil,308366,PHILIPPE COUTINHO,yes,2,1.25,279,0,0,0,279,0.968888889,270.32
2018,43924,Brazil,308386,CASEMIRO,yes,2,1.25,343,0,1,112.5,455.5,0.916666667,417.541667
2018,43924,Brazil,314197,NEYMAR,yes,2,1.25,279,0,0,0,279,1,279
2018,43926,Colombia,229444,Radamel FALCAO,yes,2,1.25,117,0,0,0,117,0.966666667,113.1
2018,43926,Colombia,269058,James RODRIGUEZ,yes,2,1.25,364,0,0,0,364,1,364
2018,43926,Colombia,280487,Carlos SANCHEZ,yes,2,1.25,126,184,1,112.5,422.5,0.808411215,341.553738
2018,43926,Colombia,309714,Juan CUADRADO,yes,2,1.25,92,0,0,0,92,0.848717949,78.082051
2018,43926,Colombia,315614,Santiago ARIAS,yes,2,1.25,128,0,0,0,128,0.98974359,126.68718
2018,43926,Colombia,349512,Carlos BACCA,yes,2,1.25,116,0,0,0,116,0.230769231,26.769231
2018,43926,Colombia,394377,Wilmar BARRIOS,yes,2,1.25,345,0,0,0,345,0.68974359,237.961539
2018,43926,Colombia,394500,Johan MOJICA,yes,2,1.25,225,0,0,0,225,1,225
2018,43929,Peru,225497,Paolo GUERRERO,no,2,1.25,337,0,0,0,337,0.77037037,259.614815
2018,43929,Peru,349685,Paolo HURTADO,no,2,1.25,191,0,0,0,191,0.1,19.1
2018,43929,Peru,349698,Yoshimar YOTUN,no,2,1.25,225,0,0,0,225,0.674074074,151.666667
2018,43929,Peru,392903,Renato TAPIA,no,2,1.25,412,0,0,0,412,0.555555556,228.888889
2018,43929,Peru,397696,Pedro AQUINO,no,2,1.25,279,0,0,0,279,0.507407407,141.566667
2018,43930,Uruguay,216567,Cristian RODRIGUEZ,yes,2,1.25,21,0,0,0,21,0.366666667,7.7
2018,43930,Uruguay,386538,Rodrigo BENTANCUR,yes,2,1.25,52,0,0,0,52,0.811111111,42.177778
2018,43935,Belgium,273996,Eden HAZARD,yes,2,1.25,27,0,0,0,27,0.822222222,22.2
2018,43935,Belgium,290821,Axel WITSEL,yes,2,1.25,0,0,0,0,0,0.857142857,0
2018,43935,Belgium,290864,Toby ALDERWEIRELD,yes,2,1.25,61,0,0,0,61,0.857142857,52.285714
2018,43935,Belgium,290904,Jan VERTONGHEN,yes,2,1.25,391,0,0,0,391,0.857142857,335.142857
2018,43935,Belgium,358120,Kevin DE BRUYNE,yes,2,1.25,362,0,0,0,362,0.857142857,310.285714
2018,43935,Belgium,358122,Thomas MEUNIER,yes,2,1.25,455,0,1,112.5,567.5,0.833333333,472.916666
2018,43935,Belgium,401444,Youri TIELEMANS,yes,2,1.25,251,0,0,0,251,0.277777778,69.722222
2018,43935,Belgium,402015,Leander DENDONCKER,yes,2,1.25,237,0,0,0,237,0.142857143,33.857143
2018,43938,Croatia,296633,Ivan RAKITIC,yes,2,1.25,420,0,0,0,420,0.8875,372.75
2018,43938,Croatia,297373,Vedran CORLUKA,yes,2,1.25,270,0,0,0,270,0.163888889,44.25
2018,43938,Croatia,299896,Domagoj VIDA,yes,2,1.25,19,0,0,0,19,0.875,16.625
2018,43938,Croatia,312432,Dejan LOVREN,yes,2,1.25,55,0,0,0,55,0.902777778,49.652778
2018,43938,Croatia,336485,Sime VRSALJKO,yes,2,1.25,293,0,0,0,293,0.843055556,247.015278
2018,43938,Croatia,357988,Ivan STRINIC,yes,2,1.25,52,0,0,0,52,0.711111111,36.977778
2018,43938,Croatia,369057,Marko PJACA,yes,2,1.25,256,0,0,0,256,0.115277778,29.511111
2018,43938,Croatia,369058,Ante REBIC,yes,2,1.25,345,0,0,0,345,0.759722222,262.104167
2018,43938,Croatia,372987,Tin JEDVAJ,yes,2,1.25,187,0,0,0,187,0.125,23.375
2018,43938,Croatia,375261,Josip PIVARIC,yes,2,1.25,6,0,0,0,6,0.277777778,1.666667
2018,43938,Croatia,375518,Mario MANDZUKIC,yes,2,1.25,344,0,0,0,344,0.844444444,290.488889
2018,43938,Croatia,380000,Marcelo BROZOVIC,yes,2,1.25,361,0,0,0,361,0.636111111,229.636111
2018,43941,Denmark,318485,Mathias JORGENSEN,yes,2,1.25,137,0,0,0,137,0.561538462,76.930769
2018,43941,Denmark,336133,Yussuf Yurary POULSEN,yes,2,1.25,143,0,1,112.5,255.5,0.896666667,229.098333
2018,43941,Denmark,372855,Thomas DELANEY,yes,2,1.25,364,0,0,0,364,0.943589744,343.466667
2018,43941,Denmark,395448,Pione SISTO,yes,2,1.25,276,0,0,0,276,0.592307692,163.476923
2018,43942,England,356189,Jordan HENDERSON,yes,2,1.25,124,0,0,0,124,0.698550725,86.62029
2018,43942,England,356750,Kyle WALKER,yes,2,1.25,452,0,0,0,452,0.717391304,324.260869
2018,43942,England,369434,John STONES,yes,2,1.25,38,0,0,0,38,0.936231884,35.576812
2018,43942,England,398743,Jesse LINGARD,yes,2,1.25,111,0,0,0,111,0.763768116,84.778261
2018,43942,England,407498,Harry MAGUIRE,yes,2,1.25,15,0,0,0,15,0.933333333,14
2018,43942,England,411303,Ruben LOFTUS-CHEEK,yes,2,1.25,337,0,0,0,337,0.397101449,133.823188
2018,43946,France,358014,Blaise MATUIDI,yes,2,1.25,272,0,1,112.5,384.5,0.622222222,239.244444
2018,43946,France,358015,Olivier GIROUD,yes,2,1.25,90,0,0,0,90,0.866666667,78
2018,43946,France,367388,Paul POGBA,yes,2,1.25,274,0,0,0,274,0.855555556,234.422222
2018,43946,France,389867,Kylian MBAPPE,yes,2,1.25,21,0,0,0,21,0.847619048,17.8
2018,43946,France,398681,Ngolo KANTE,yes,2,1.25,66,0,0,0,66,0.944444444,62.333333
2018,43946,France,404566,Corentin TOLISSO,yes,2,1.25,374,0,0,0,374,0.307936508,115.168254
2018,43946,France,411470,Lucas HERNANDEZ,yes,2,1.25,106,0,0,0,106,0.936507937,99.269841
2018,43946,France,411471,Benjamin PAVARD,yes,2,1.25,107,0,0,0,107,0.857142857,91.714286
2018,43948,Germany,299442,Jerome BOATENG,no,2,1.25,19,32,1,112.5,163.5,1,163.5
2018,43948,Germany,311150,Mats HUMMELS,no,2,1.25,366,0,0,0,366,1,366
2018,43948,Germany,321722,Thomas MUELLER,no,2,1.25,367,0,0,0,367,0.766666667,281.366667
2018,43951,Iceland,300344,Birkir SAEVARSSON,no,2,1.25,186,0,0,0,186,1,186
2018,43951,Iceland,300348,Emil HALLFREDSSON,no,2,1.25,211,0,0,0,211,0.666666667,140.666667
2018,43951,Iceland,359847,Alfred FINNBOGASON,no,2,1.25,206,0,0,0,206,0.977777778,201.422222
2018,43962,Poland,269735,Grzegorz KRYCHOWIAK,no,2,1.25,438,0,0,0,438,1,438
2018,43962,Poland,402079,Jacek GORALSKI,no,2,1.25,275,0,0,0,275,0.666666667,183.333333
2018,43962,Poland,406995,Jan BEDNAREK,no,2,1.25,299,0,0,0,299,0.82962963,248.059259
2018,43963,Portugal,189810,RICARDO QUARESMA,yes,2,1.25,206,0,0,0,206,0.322222222,66.377778
2018,43963,Portugal,201200,CRISTIANO RONALDO,yes,2,1.25,97,0,0,0,97,1,97
2018,43963,Portugal,319491,ADRIEN SILVA,yes,2,1.25,270,0,0,0,270,0.433333333,117
2018,43963,Portugal,336491,CEDRIC,yes,2,1.25,180,0,0,0,180,0.75,135
2018,43963,Portugal,395206,BRUNO FERNANDES,yes,2,1.25,422,0,0,0,422,0.244444444,103.155555
2018,43963,Portugal,395213,RAPHAEL GUERREIRO,yes,2,1.25,237,0,0,0,237,1,237
2018,43965,Russia,358871,Fedor SMOLOV,yes,2,1.25,276,0,0,0,276,0.429411765,118.517647
2018,43965,Russia,371639,Aleksandr GOLOVIN,yes,2,1.25,362,0,0,0,362,0.788235294,285.341176
2018,43965,Russia,375357,Igor SMOLNIKOV,yes,2,1.25,62,118,1,112.5,292.5,0.107142857,31.339286
2018,43965,Russia,379988,Iury GAZINSKY,yes,2,1.25,272,0,0,0,272,0.523529412,142.4
2018,43965,Russia,404425,Ilya KUTEPOV,yes,2,1.25,126,0,0,0,126,1,126
2018,43965,Russia,404429,Roman ZOBNIN,yes,2,1.25,109,0,0,0,109,1,109
2018,43969,Spain,216973,Gerard PIQUE,yes,2,1.25,140,0,0,0,140,1,140
2018,43969,Spain,303034,Sergio BUSQUETS,yes,2,1.25,433,0,0,0,433,1,433
2018,43970,Sweden,214675,Sebastian LARSSON,yes,2,1.25,154,0,1,112.5,266.5,0.883333333,235.408333
2018,43970,Sweden,300251,Mikael LUSTIG,yes,2,1.25,151,0,1,112.5,263.5,0.977777778,257.644445
2018,43970,Sweden,360340,Albin EKDAL,yes,2,1.25,308,0,0,0,308,0.935555556,288.151111
2018,43970,Sweden,398551,John GUIDETTI,yes,2,1.25,3,0,0,0,3,0.082222222,0.246667
2018,43970,Sweden,401465,Viktor CLAESSON,yes,2,1.25,389,0,0,0,389,0.964444444,375.168889
2018,43971,Switzerland,196605,Stephan LICHTSTEINER,yes,2,1.25,292,0,1,112.5,404.5,0.988888889,400.005556
2018,43971,Switzerland,216627,Valon BEHRAMI,yes,2,1.25,321,0,0,0,321,0.863888889,277.308333
2018,43971,Switzerland,311558,Granit XHAKA,yes,2,1.25,112,0,0,0,112,1,112
2018,43971,Switzerland,321653,Xherdan SHAQIRI,yes,2,1.25,270,0,0,0,270,0.975,263.25
2018,43971,Switzerland,356407,Michael LANG,yes,2,1.25,0,6,0,0,6,0.283333333,1.7
2018,43971,Switzerland,356411,Fabian SCHAER,yes,2,1.25,212,0,1,112.5,324.5,1,324.5
2018,43971,Switzerland,401448,Denis ZAKARIA,yes,2,1.25,195,0,0,0,195,0.136111111,26.541667
2018,43976,Australia,197411,Mark MILLIGAN,no,2,1.25,182,0,0,0,182,1,182
2018,43976,Australia,197514,Mile JEDINAK,no,2,1.25,260,0,0,0,260,1,260
2018,43976,Australia,321697,Mathew LECKIE,no,2,1.25,437,0,0,0,437,1,437
2018,43976,Australia,349342,Aziz BEHICH,no,2,1.25,363,0,0,0,363,1,363
2018,43976,Australia,367641,Tom ROGIC,no,2,1.25,204,0,0,0,204,0.837037037,170.755556
2018,43976,Australia,389503,Daniel ARZANI,no,2,1.25,210,0,0,0,210,0.222222222,46.666667
2018,43976,Australia,397717,Joshua RISDON,no,2,1.25,393,0,0,0,393,1,393
2022,1902465,Serbia,336393,Predrag RAJKOVIC,no,2,1.25,204,0,0,0,204,0,0
2022,1902465,Serbia,370456,Aleksandar MITROVIC,no,2,1.25,188,0,0,0,188,0.974074074,183.125926
2022,1902465,Serbia,385536,Luka JOVIC,no,2,1.25,311,0,0,0,311,0.12962963,40.314815
2022,1902465,Serbia,385545,Sergej MILINKOVIC-SAVIC,no,2,1.25,223,0,0,0,223,0.874074074,194.918519
2022,1902465,Serbia,401176,Nemanja GUDELJ,no,2,1.25,230,0,0,0,230,0.340740741,78.37037
2022,1902465,Serbia,404631,Sasa LUKIC,no,2,1.25,206,0,0,0,206,0.911111111,187.688889
2022,1902465,Serbia,411544,Nikola MILENKOVIC,no,2,1.25,90,0,0,0,90,1,90
2022,1902465,Serbia,430069,Strahinja PAVLOVIC,no,2,1.25,297,0,0,0,297,0.87037037,258.5
2022,43817,Iran,314249,Morteza POURALIGANJI,no,2,1.25,402,0,0,0,402,1,402
2022,43817,Iran,371735,Majid HOSSEINI,no,2,1.25,193,0,0,0,193,1,193
2022,43817,Iran,379886,Alireza JAHANBAKHSH,no,2,1.25,155,0,1,112.5,267.5,0.327777778,87.680556
2022,43817,Iran,384797,Ramin REZAEIAN,no,2,1.25,270,0,0,0,270,0.666666667,180
2022,43817,Iran,390534,Mohammad KANAANI,no,2,1.25,187,0,0,0,187,0.162962963,30.474074
2022,43817,Iran,448506,Abolfazl JALALI,no,2,1.25,180,0,0,0,180,0.07037037,12.666667
2022,43819,Japan,271253,Maya YOSHIDA,yes,2,1.25,225,0,0,0,225,1,225
2022,43819,Japan,390541,Shogo TANIGUCHI,yes,2,1.25,226,0,0,0,226,0.538461538,121.692308
2022,43819,Japan,395318,Wataru ENDO,yes,2,1.25,270,0,0,0,270,0.776923077,209.769231
2022,43819,Japan,400511,Kou ITAKURA,yes,2,1.25,147,0,1,112.5,259.5,1,259.5
2022,43819,Japan,441122,Miki YAMANE,yes,2,1.25,316,0,0,0,316,0.158974359,50.235897
2022,43822,Korea Republic,356534,JUNG Wooyoung,yes,2,1.25,289,0,0,0,289,0.844444444,244.044444
2022,43822,Korea Republic,375754,KIM Younggwon,yes,2,1.25,283,0,0,0,283,0.975,275.925
2022,43822,Korea Republic,395083,HWANG Heechan,yes,2,1.25,180,0,0,0,180,0.319444444,57.5
2022,43822,Korea Republic,418490,LEE Kangin,yes,2,1.25,234,0,0,0,234,0.405555556,94.9
2022,43822,Korea Republic,430387,CHO Guesung,yes,2,1.25,362,0,0,0,362,0.766666667,277.533333
2022,43834,Qatar,284087,SAAD ALSHEEB,no,2,1.25,435,0,0,0,435,0.333333333,145
2022,43834,Qatar,354861,KARIM BOUDIAF,no,2,1.25,414,0,0,0,414,0.685185185,283.666667
2022,43834,Qatar,385068,ISMAIL MOHAMAD,no,2,1.25,340,0,0,0,340,0.648148148,220.37037
2022,43834,Qatar,386347,AKRAM AFIF,no,2,1.25,372,0,0,0,372,1,372
2022,43834,Qatar,386348,ASSIM MADIBO,no,2,1.25,270,0,0,0,270,0.57037037,154
2022,43834,Qatar,386366,ALMOEZ ALI,no,2,1.25,428,0,0,0,428,0.837037037,358.251852
2022,43834,Qatar,419441,HOMAM AHMED,no,2,1.25,313,0,0,0,313,0.974074074,304.885185
2022,43835,Saudi Arabia,330913,NAWAF AL ABID,no,2,1.25,362,0,0,0,362,0.325925926,117.985185
2022,43835,Saudi Arabia,339485,HATAN BAHBRI,no,2,1.25,180,0,0,0,180,0.007407407,1.333333
2022,43835,Saudi Arabia,339745,SALEM ALDAWSARI,no,2,1.25,371,0,0,0,371,1,371
2022,43835,Saudi Arabia,396885,MOHAMMED ALOWAIS,no,2,1.25,360,0,0,0,360,1,360
2022,43835,Saudi Arabia,403312,Abdulelah ALAMRI,no,2,1.25,131,0,0,0,131,0.67037037,87.818518
2022,43835,Saudi Arabia,403335,Hassan ALTAMBAKTI,no,2,1.25,218,0,0,0,218,0.666666667,145.333333
2022,43835,Saudi Arabia,407983,ALI ALBULAYHI,no,2,1.25,375,0,0,0,375,0.803703704,301.388889
2022,43835,Saudi Arabia,419281,SAUD ABDULHAMID,no,2,1.25,368,0,0,0,368,1,368
2022,43835,Saudi Arabia,425804,SALEH ALSHEHRI,no,2,1.25,242,0,0,0,242,0.833333333,201.666667
2022,43835,Saudi Arabia,430170,ABDULELAH ALMALKI,no,2,1.25,183,0,1,112.5,295.5,0.972222222,287.291667
2022,43835,Saudi Arabia,430502,ABDULLAH MADU,no,2,1.25,189,0,0,0,189,0.162962963,30.8
2022,43835,Saudi Arabia,430504,ALI ALHASSAN,no,2,1.25,236,0,0,0,236,0.17037037,40.207407
2022,43849,Cameroon,290931,Nicolas NKOULOU,no,2,1.25,336,0,0,0,336,0.666666667,224
2022,43849,Cameroon,323698,Vincent ABOUBAKAR,no,2,1.25,9,14,0,0,23,0.522222222,12.011111
2022,43849,Cameroon,401789,Collins FAI,no,2,1.25,292,0,0,0,292,1,292
2022,43849,Cameroon,402215,Christian BASSOGOG,no,2,1.25,330,0,0,0,330,0.085185185,28.111111
2022,43849,Cameroon,407175,Nouhou TOLO,no,2,1.25,264,0,0,0,264,1,264
2022,43849,Cameroon,441406,Pierre KUNDE,no,2,1.25,242,0,0,0,242,0.5,121
2022,43860,Ghana,294620,Andre AYEW,no,2,1.25,401,0,0,0,401,0.744444444,298.522222
2022,43860,Ghana,369248,Daniel AMARTEY,no,2,1.25,339,0,0,0,339,1,339
2022,43860,Ghana,405961,Kudus MOHAMMED,no,2,1.25,404,0,0,0,404,0.925925926,374.074074
2022,43860,Ghana,411376,Inaki WILLIAMS,no,2,1.25,360,0,0,0,360,0.933333333,336
2022,43860,Ghana,448522,Seidu ALIDU,no,2,1.25,213,0,0,0,213,0.577777778,123.066667
2022,43860,Ghana,448523,Kamaldeen SULEMANA,no,2,1.25,184,0,0,0,184,0.207407407,38.162963
2022,43860,Ghana,448536,Tariq LAMPTEY,no,2,1.25,287,0,0,0,287,0.377777778,108.422222
2022,43872,Morocco,372266,Sofyan AMRABAT,yes,2,1.25,372,0,0,0,372,1,372
2022,43872,Morocco,398599,Romain SAISS,yes,2,1.25,90,0,0,0,90,1,90
2022,43872,Morocco,402255,Sofiane BOUFAL,yes,2,1.25,63,0,0,0,63,0.728787879,45.913636
2022,43872,Morocco,408889,Achraf DARI,yes,2,1.25,20,0,0,0,20,0.283333333,5.666667
2022,43872,Morocco,441306,Selim AMALLAH,yes,2,1.25,6,0,0,0,6,0.622727273,3.736364
2022,43872,Morocco,441307,Azzedine OUNAHI,yes,2,1.25,21,0,0,0,21,0.862121212,18.104545
2022,43872,Morocco,448591,Abdelhamid SABIRI,yes,2,1.25,270,0,0,0,270,0.272727273,73.636364
2022,43872,Morocco,448610,Walid CHEDDIRA,yes,2,1.25,0,12,1,112.5,124.5,0.110526316,13.760526
2022,43879,Senegal,332314,Idrissa Gana GUEYE,yes,2,1.25,204,0,1,112.5,316.5,1,316.5
2022,43879,Senegal,339820,Kalidou KOULIBALY,yes,2,1.25,104,0,0,0,104,1,104
2022,43879,Senegal,430671,Ismail JAKOBS,yes,2,1.25,308,0,0,0,308,0.777777778,239.555556
2022,43879,Senegal,441319,Nampalys MENDY,yes,2,1.25,360,0,0,0,360,0.761111111,274
2022,43879,Senegal,441321,Boulaye DIA,yes,2,1.25,330,0,0,0,330,0.891666667,294.25
2022,43879,Senegal,448825,Pathe CISS,yes,2,1.25,273,0,0,0,273,0.405555556,110.716667
2022,43888,Tunisia,329721,Taha KHENISSI,no,2,1.25,364,0,0,0,364,0.1,36.4
2022,43888,Tunisia,370575,Ferjani SASSI,no,2,1.25,270,0,0,0,270,0.17037037,46
2022,43888,Tunisia,433182,Aissa LAIDOUNI,no,2,1.25,334,0,0,0,334,0.907407407,303.074074
2022,43888,Tunisia,433362,Ali ABDI,no,2,1.25,296,0,0,0,296,0.692592593,205.007408
2022,43888,Tunisia,436621,Wajdi KECHRIDA,no,2,1.25,242,0,0,0,242,0.403703704,97.696296
2022,43899,Canada,267750,Steven VITORIA,no,2,1.25,186,0,0,0,186,1,186
2022,43899,Canada,370986,Jonathan OSORIO,no,2,1.25,244,0,0,0,244,0.437037037,106.637037
2022,43899,Canada,392850,Junior HOILETT,no,2,1.25,263,0,0,0,263,0.6,157.8
2022,43899,Canada,395032,Sam ADEKUGBE,no,2,1.25,223,0,0,0,223,0.348148148,77.637037
2022,43899,Canada,412144,Alphonso DAVIES,no,2,1.25,369,0,0,0,369,1,369
2022,43899,Canada,430138,Tajon BUCHANAN,no,2,1.25,308,0,0,0,308,0.966666667,297.733333
2022,43899,Canada,441252,Alistair JOHNSTON,no,2,1.25,367,0,0,0,367,1,367
2022,43899,Canada,441254,Kamal MILLER,no,2,1.25,275,0,0,0,275,1,275
2022,43901,Costa Rica,236530,Celso BORGES,no,2,1.25,299,0,0,0,299,0.92962963,277.959259
2022,43901,Costa Rica,307529,Joel CAMPBELL,no,2,1.25,360,0,0,0,360,1,360
2022,43901,Costa Rica,312987,Oscar DUARTE,no,2,1.25,193,0,0,0,193,1,193
2022,43901,Costa Rica,339797,Francisco CALVO,no,2,1.25,132,0,1,112.5,244.5,1,244.5
2022,43901,Costa Rica,405811,Anthony CONTRERAS,no,2,1.25,319,0,0,0,319,0.466666667,148.866667
2022,43911,Mexico,238112,Hector MORENO,no,2,1.25,394,0,0,0,394,1,394
2022,43911,Mexico,329092,Hector HERRERA,no,2,1.25,294,0,0,0,294,0.596296296,175.311111
2022,43911,Mexico,336707,Nestor ARAUJO,no,2,1.25,338,0,0,0,338,0.333333333,112.666667
2022,43911,Mexico,386332,Erick GUTIERREZ,no,2,1.25,310,0,0,0,310,0.177777778,55.111111
2022,43911,Mexico,400634,Edson ALVAREZ,no,2,1.25,254,0,0,0,254,0.651851852,165.57037
2022,43911,Mexico,403585,Roberto ALVARADO,no,2,1.25,271,0,0,0,271,0.062962963,17.062963
2022,43911,Mexico,403596,Jorge SANCHEZ,no,2,1.25,421,0,0,0,421,0.651851852,274.42963
2022,43921,United States,331871,Kellyn PERRY-ACOSTA,yes,2,1.25,360,0,0,0,360,0.113888889,41
2022,43921,United States,339510,Tim REAM,yes,2,1.25,399,0,0,0,399,1,399
2022,43921,United States,390238,Tyler  ADAMS,yes,2,1.25,227,0,0,0,227,1,227
2022,43921,United States,390259,Weston McKENNIE,yes,2,1.25,437,0,0,0,437,0.763888889,333.819444
2022,43921,United States,406280,Sergino DEST,yes,2,1.25,439,0,0,0,439,0.855555556,375.588889
2022,43922,Argentina,229397,Lionel MESSI,yes,2,1.25,20,0,0,0,20,1,20
2022,43922,Argentina,308300,Emiliano MARTINEZ,yes,2,1.25,0,0,0,0,0,1,0
2022,43922,Argentina,310116,Nicolas OTAMENDI,yes,2,1.25,37,0,0,0,37,1,37
2022,43922,Argentina,332847,Leandro PAREDES,yes,2,1.25,7,0,0,0,7,0.323188406,2.262319
2022,43922,Argentina,332979,German PEZZELLA,yes,2,1.25,8,0,0,0,8,0.082608696,0.66087
2022,43922,Argentina,401204,Marcos ACUNA,yes,2,1.25,290,0,1,112.5,402.5,0.621666667,250.220833
2022,43922,Argentina,402921,Lisandro MARTINEZ,yes,2,1.25,14,0,0,0,14,0.436231884,6.107246
2022,43922,Argentina,402926,Gonzalo MONTIEL,yes,2,1.25,332,0,1,112.5,444.5,0.193333333,85.936667
2022,43922,Argentina,431196,Cristian ROMERO,yes,2,1.25,67,0,0,0,67,0.794202899,53.211594
2022,43922,Argentina,448252,Enzo FERNANDEZ,yes,2,1.25,38,0,0,0,38,0.815942029,31.005797
2022,43924,Brazil,308386,CASEMIRO,yes,2,1.25,22,0,0,0,22,0.8125,17.875
2022,43924,Brazil,332946,MARQUINHOS,yes,2,1.25,13,0,0,0,13,0.8875,11.5375
2022,43924,Brazil,335656,DANILO,yes,2,1.25,65,0,0,0,65,0.94,61.1
2022,43924,Brazil,389617,EDER MILITAO,yes,2,1.25,263,0,0,0,263,0.727083333,191.222917
2022,43924,Brazil,394018,FRED,yes,2,1.25,308,0,0,0,308,0.29375,90.475
2022,43924,Brazil,430605,BRUNO GUIMARAES,yes,2,1.25,185,0,0,0,185,0.141666667,26.208333
2022,43927,Ecuador,428885,Moises CAICEDO,no,2,1.25,421,0,0,0,421,1,421
2022,43927,Ecuador,428904,Jhegson MENDEZ,no,2,1.25,157,0,1,112.5,269.5,1,269.5
2022,43930,Uruguay,267829,Martin CACERES,no,2,1.25,393,0,0,0,393,0.333333333,131
2022,43930,Uruguay,267834,Edinson CAVANI,no,2,1.25,180,0,0,0,180,0.451851852,81.333333
2022,43930,Uruguay,270775,Luis SUAREZ,no,2,1.25,210,0,0,0,210,0.548148148,115.111111
2022,43930,Uruguay,305382,Sebastian COATES,no,2,1.25,183,0,0,0,183,0.666666667,122
2022,43930,Uruguay,368655,Jose GIMENEZ,no,2,1.25,180,0,0,0,180,1,180
2022,43930,Uruguay,386538,Rodrigo BENTANCUR,no,2,1.25,354,0,0,0,354,1,354
2022,43930,Uruguay,402893,Mathias OLIVERA,no,2,1.25,316,0,0,0,316,0.944444444,298.444444
2022,43930,Uruguay,419126,Darwin NUNEZ,no,2,1.25,250,0,0,0,250,0.896296296,224.074074
2022,43935,Belgium,358122,Thomas MEUNIER,no,2,1.25,396,0,0,0,396,0.785185185,310.933333
2022,43935,Belgium,398653,Yannick CARRASCO,no,2,1.25,441,0,0,0,441,0.437037037,192.733333
2022,43935,Belgium,402015,Leander DENDONCKER,no,2,1.25,203,0,0,0,203,0.6,121.8
2022,43935,Belgium,448364,Amadou ONANA,no,2,1.25,185,0,1,112.5,297.5,0.577777778,171.888889
2022,43938,Croatia,241559,Luka MODRIC,yes,2,1.25,275,0,0,0,275,0.950724638,261.449275
2022,43938,Croatia,312432,Dejan LOVREN,yes,2,1.25,304,0,0,0,304,0.869565217,264.347826
2022,43938,Croatia,339987,Mateo KOVACIC,yes,2,1.25,148,0,0,0,148,0.927536232,137.275362
2022,43938,Croatia,369029,Dominik LIVAKOVIC,yes,2,1.25,58,0,0,0,58,1,58
2022,43938,Croatia,380000,Marcelo BROZOVIC,yes,2,1.25,59,0,0,0,59,0.802898551,47.371015
2022,43938,Croatia,406973,Borna BARISIC,yes,2,1.25,94,0,0,0,94,0.173913043,16.347826
2022,43938,Croatia,448165,Bruno PETKOVIC,yes,2,1.25,3,0,0,0,3,0.333333333,1
2022,43941,Denmark,360188,Andreas CORNELIUS,no,2,1.25,337,0,0,0,337,0.340740741,114.82963
2022,43941,Denmark,395460,Robert SKOV,no,2,1.25,195,0,0,0,195,0.077777778,15.166667
2022,43941,Denmark,401281,Andreas CHRISTENSEN,no,2,1.25,340,0,0,0,340,1,340
2022,43941,Denmark,411291,Mathias JENSEN,no,2,1.25,372,0,0,0,372,0.311111111,115.733333
2022,43941,Denmark,448464,Rasmus KRISTENSEN,no,2,1.25,426,0,0,0,426,0.837037037,356.577778
2022,43942,England,407498,Harry MAGUIRE,yes,2,1.25,0,0,0,0,0,0.955555556,0
2022,43946,France,336435,Antoine GRIEZMANN,yes,2,1.25,47,0,0,0,47,0.815151515,38.312121
2022,43946,France,358015,Olivier GIROUD,yes,2,1.25,25,0,0,0,25,0.642424242,16.060606
2022,43946,France,398680,Ousmane DEMBELE,yes,2,1.25,44,0,0,0,44,0.662121212,29.133333
2022,43946,France,402047,Adrien RABIOT,yes,2,1.25,35,0,0,0,35,0.847368421,29.657895
2022,43946,France,403109,Marcus THURAM,yes,2,1.25,3,0,0,0,3,0.221212121,0.663636
2022,43946,France,405893,Aurelien TCHOUAMENI,yes,2,1.25,148,0,0,0,148,0.943939394,139.70303
2022,43946,France,408042,Theo HERNANDEZ,yes,2,1.25,8,0,0,0,8,0.76969697,6.157576
2022,43946,France,430707,Jules KOUNDE,yes,2,1.25,317,0,0,0,317,0.728787879,231.025758
2022,43948,Germany,379953,Leon GORETZKA,no,2,1.25,302,0,0,0,302,0.588888889,177.844444
2022,43948,Germany,386413,Joshua KIMMICH,no,2,1.25,300,0,0,0,300,1,300
2022,43948,Germany,395481,Thilo KEHRER,no,2,1.25,323,0,0,0,323,0.259259259,83.740741
2022,43960,Netherlands,336088,Nathan AKE,yes,2,1.25,218,0,0,0,218,1,218
2022,43960,Netherlands,336098,Memphis DEPAY,yes,2,1.25,14,0,0,0,14,0.622916667,8.720833
2022,43960,Netherlands,398568,Steven BERGHUIS,yes,2,1.25,2,0,0,0,2,0.4125,0.825
2022,43960,Netherlands,404560,Matthijs DE LIGT,yes,2,1.25,394,0,0,0,394,0.1875,73.875
2022,43960,Netherlands,422657,Frenkie DE JONG,yes,2,1.25,93,0,0,0,93,0.991666667,92.225
2022,43960,Netherlands,433123,Steven BERGWIJN,yes,2,1.25,29,0,0,0,29,0.447916667,12.989583
2022,43960,Netherlands,436612,Denzel DUMFRIES,yes,2,1.25,0,0,0,0,0,1,0
2022,43960,Netherlands,448149,Teun KOOPMEINERS,yes,2,1.25,120,0,0,0,120,0.45,54
2022,43960,Netherlands,448153,Noa LANG,yes,2,1.25,0,0,0,0,0,0.014583333,0
2022,43960,Netherlands,448158,Jurrien TIMBER,yes,2,1.25,47,0,0,0,47,0.8125,38.1875
2022,43960,Netherlands,448159,Wout WEGHORST,yes,2,1.25,43,0,0,0,43,0.127083333,5.464583
2022,43962,Poland,269735,Grzegorz KRYCHOWIAK,yes,2,1.25,192,0,0,0,192,0.927777778,178.133333
2022,43962,Poland,362823,Arkadiusz MILIK,yes,2,1.25,341,0,0,0,341,0.277777778,94.722222
2022,43962,Poland,370435,Bartosz BERESZYNSKI,yes,2,1.25,133,0,0,0,133,0.95,126.35
2022,43962,Poland,411481,Przemyslaw FRANKOWSKI,yes,2,1.25,374,0,0,0,374,0.672222222,251.411111
2022,43962,Poland,436691,Matty CASH,yes,2,1.25,256,0,0,0,256,1,256
2022,43962,Poland,448638,Jakub KIWIOR,yes,2,1.25,345,0,0,0,345,0.991666667,342.125
2022,43963,Portugal,336505,DANILO,yes,2,1.25,360,0,0,0,360,1,360
2022,43963,Portugal,384752,RUBEN DIAS,yes,2,1.25,271,0,0,0,271,0.8,216.8
2022,43963,Portugal,395206,BRUNO FERNANDES,yes,2,1.25,360,0,0,0,360,0.793333333,285.6
2022,43963,Portugal,395216,RUBEN NEVES,yes,2,1.25,322,0,0,0,322,0.602222222,193.915555
2022,43963,Portugal,418535,JOAO FELIX,yes,2,1.25,283,0,0,0,283,0.742222222,210.048889
2022,43963,Portugal,441149,VITINHA,yes,2,1.25,3,0,0,0,3,0.262222222,0.786667
2022,43969,Spain,303034,Sergio BUSQUETS,yes,2,1.25,316,0,0,0,316,0.933333333,294.933333
2022,43969,Spain,335999,Aymeric LAPORTE,yes,2,1.25,103,0,0,0,103,0.769230769,79.230769
2022,43971,Switzerland,311558,Granit XHAKA,yes,2,1.25,180,0,0,0,180,1,180
2022,43971,Switzerland,356411,Fabian SCHAER,yes,2,1.25,137,0,0,0,137,0.377777778,51.755556
2022,43971,Switzerland,356412,Silvan WIDMER,yes,2,1.25,255,0,0,0,255,0.985185185,251.222222
2022,43971,Switzerland,398509,Nico ELVEDI,yes,2,1.25,386,0,0,0,386,0.666666667,257.333333
2022,43971,Switzerland,405178,Manuel AKANJI,yes,2,1.25,367,0,0,0,367,1,367
2022,43971,Switzerland,448103,Fabian RIEDER,yes,2,1.25,310,0,0,0,310,0.186111111,57.694444
2022,43971,Switzerland,448131,Ruben VARGAS,yes,2,1.25,236,0,0,0,236,0.8,188.8
2022,43971,Switzerland,448136,Eray COMERT,yes,2,1.25,121,0,0,0,121,0.122222222,14.788889
2022,43974,Wales,299601,Wayne HENNESSEY,no,2,1.25,0,34,1,112.5,146.5,1,146.5
2022,43974,Wales,299610,Gareth BALE,no,2,1.25,410,0,0,0,410,0.837037037,343.185185
2022,43974,Wales,299617,Aaron RAMSEY,no,2,1.25,209,0,0,0,209,0.988888889,206.677778
2022,43974,Wales,405256,Daniel JAMES,no,2,1.25,241,0,0,0,241,0.577777778,139.244444
2022,43974,Wales,441052,Joe RODON,no,2,1.25,312,0,0,0,312,1,312
2022,43974,Wales,441219,Chris MEPHAM,no,2,1.25,403,0,0,0,403,1,403
2022,43976,Australia,312252,Aaron MOOY,yes,2,1.25,360,0,0,0,360,1,360
2022,43976,Australia,331149,Milos DEGENEK,yes,2,1.25,175,0,0,0,175,0.502777778,87.986111
2022,43976,Australia,349342,Aziz BEHICH,yes,2,1.25,266,0,0,0,266,1,266
2022,43976,Australia,355775,Jackson IRVINE,yes,2,1.25,355,0,0,0,355,0.986111111,350.069444
2022,43976,Australia,431745,Mitch DUKE,yes,2,1.25,395,0,0,0,395,0.758333333,299.541667
2026,1895293,Curaçao,431698,Jurien GAARI,no,2,1.25,105,0,0,0,105,0.618518519,64.944444
2026,1895293,Curaçao,466317,Juninho BACUNA,no,2,1.25,142,0,0,0,142,0.944444444,134.111111
2026,1895293,Curaçao,466340,Leandro BACUNA,no,2,1.25,141,0,0,0,141,1,141
2026,1895293,Curaçao,466372,Gervane KASTANEER,no,2,1.25,97,0,0,0,97,0.103703704,10.059259
2026,1895293,Curaçao,494989,Livano COMENENCIA,no,2,1.25,124,0,0,0,124,0.866666667,107.466667
2026,20014,Congo DR,356532,Chancel MBEMBA,yes,2,1.25,238,0,0,0,238,1,238
2026,20014,Congo DR,424119,Nathanael MBUKU,yes,2,1.25,41,0,0,0,41,0.4,16.4
2026,20014,Congo DR,433076,Samuel Moutoussamy,yes,2,1.25,28,0,0,0,28,0.925,25.9
2026,20014,Congo DR,448128,Charles PICKEL,yes,2,1.25,90,0,0,0,90,0.097222222,8.75
2026,20014,Congo DR,486147,Noah SADIKI,yes,2,1.25,312,0,0,0,312,0.716666667,223.6
2026,43817,IR Iran,288961,Ehsan HAJISAFI,no,2,1.25,181,0,0,0,181,0.337037037,61.003704
2026,43817,IR Iran,346743,Shoja KHALILZADEH,no,2,1.25,0,0,0,0,0,1,0
2026,43817,IR Iran,371736,Saeid EZATOLAHI,no,2,1.25,158,0,0,0,158,0.981481481,155.074074
2026,43817,IR Iran,390534,Hossein KANANI,no,2,1.25,72,0,0,0,72,0.5,36
2026,43817,IR Iran,489603,Ali NEMATI,no,2,1.25,47,0,0,0,47,1,47
2026,43818,Iraq,396158,REBIN SULAKA,no,2,1.25,0,168,0,0,168,0.222797927,37.430052
2026,43818,Iraq,433074,AMIR ALAMMARI,no,2,1.25,189,0,0,0,189,0.918518519,173.6
2026,43818,Iraq,434025,ZAID TAHSEEN,no,2,1.25,184,0,0,0,184,0.555555556,102.222222
2026,43818,Iraq,479072,MERCHAS DOSKI,no,2,1.25,0,0,0,0,0,1,0
2026,43819,Japan,390541,Shogo TANIGUCHI,yes,2,1.25,13,0,0,0,13,0.641666667,8.341667
2026,43819,Japan,448557,Daichi KAMADA,yes,2,1.25,225,0,0,0,225,0.922222222,207.5
2026,43819,Japan,479294,Kaishu SANO,yes,2,1.25,258,0,0,0,258,0.75,193.5
2026,43819,Japan,498455,Junnosuke SUZUKI,yes,2,1.25,186,0,0,0,186,0.111111111,20.666667
2026,43820,Jordan,431208,MOHAMMAD ABUZRAIQ,no,2,1.25,0,0,0,0,0,0,0
2026,43820,Jordan,431225,YAZAN ALARAB,no,2,1.25,26,0,0,0,26,1,26
2026,43820,Jordan,479389,MOHANNAD ABUTAHA,no,2,1.25,73,0,0,0,73,0.977777778,71.377778
2026,43820,Jordan,489550,HUSAM ABUDAHAB,no,2,1.25,116,0,0,0,116,0.666666667,77.333333
2026,43822,Korea Republic,402817,PAIK Seungho,no,2,1.25,122,0,0,0,122,0.762962963,93.081481
2026,43822,Korea Republic,418490,LEE Kangin,no,2,1.25,176,0,0,0,176,1,176
2026,43822,Korea Republic,430387,CHO Guesung,no,2,1.25,12,0,0,0,12,0.107407407,1.288889
2026,43822,Korea Republic,492315,LEE Gihyuk,no,2,1.25,180,0,0,0,180,1,180
2026,43834,Qatar,386348,ASSIM MADIBO,no,2,1.25,0,98,1,112.5,210.5,0.914893617,192.585106
2026,43834,Qatar,419441,HOMAM AHMED,no,2,1.25,0,134,1,112.5,246.5,1,246.5
2026,43834,Qatar,419459,MAHMOUD ABUNADA,no,2,1.25,257,0,0,0,257,1,257
2026,43834,Qatar,419473,JASSEM GABER,no,2,1.25,247,0,0,0,247,0.555555556,137.222222
2026,43834,Qatar,433394,AHMED FATHY,no,2,1.25,130,0,0,0,130,0.559259259,72.703704
2026,43835,Saudi Arabia,339745,SALEM ALDAWSARI,no,2,1.25,150,0,0,0,150,0.907407407,136.111111
2026,43835,Saudi Arabia,403312,Abdulelah ALAMRI,no,2,1.25,226,0,0,0,226,0.888888889,200.888889
2026,43835,Saudi Arabia,403319,NASSER ALDAWSARI,no,2,1.25,23,0,0,0,23,0.766666667,17.633333
2026,43835,Saudi Arabia,407993,MOHAMED KANNO,no,2,1.25,120,0,0,0,120,0.833333333,100
2026,43835,Saudi Arabia,419281,SAUD ABDULHAMID,no,2,1.25,86,0,0,0,86,1,86
2026,43835,Saudi Arabia,419291,FERAS ALBRIKAN,no,2,1.25,0,0,0,0,0,0.888888889,0
2026,43843,Algeria,433679,Ramiz ZERROUKI,yes,2,1.25,136,0,0,0,136,0.308333333,41.933333
2026,43843,Algeria,441350,Hicham BOUDAOUI,yes,2,1.25,198,0,0,0,198,0.355555556,70.4
2026,43843,Algeria,477795,Fares CHAIBI,yes,2,1.25,234,0,0,0,234,1,234
2026,43850,Cabo Verde,409241,DINEY BORGES,yes,2,1.25,90,0,0,0,90,1,90
2026,43850,Cabo Verde,477832,SIDNY LOPES CABRAL,yes,2,1.25,249,0,1,112.5,361.5,0.953333333,344.63
2026,43850,Cabo Verde,477852,KEVIN PINA,yes,2,1.25,202,0,0,0,202,0.945945946,191.081081
2026,43850,Cabo Verde,482783,WAGNER PINA,yes,2,1.25,82,0,0,0,82,0.230769231,18.923077
2026,43854,Côte d'Ivoire,371609,Franck KESSIE,yes,2,1.25,232,0,0,0,232,0.963888889,223.622222
2026,43854,Côte d'Ivoire,402261,Nicolas PEPE,yes,2,1.25,56,0,0,0,56,0.655555556,36.711111
2026,43854,Côte d'Ivoire,405175,Seko Fofana,yes,2,1.25,242,0,0,0,242,0.255555556,61.844445
2026,43854,Côte d'Ivoire,486317,Guela DOUE,yes,2,1.25,230,0,0,0,230,0.769444444,176.972222
2026,43855,Egypt,369267,YASSER IBRAHIM,yes,2,1.25,229,0,0,0,229,0.970833333,222.320833
2026,43855,Egypt,416906,MOSTAFA SHOUBIR,yes,2,1.25,90,0,0,0,90,1,90
2026,43855,Egypt,424106,Haissem HASSAN,yes,2,1.25,106,0,0,0,106,0.272138229,28.846652
2026,43855,Egypt,429095,HAMDY FATHY,yes,2,1.25,90,0,0,0,90,0.706744868,63.607038
2026,43855,Egypt,430477,AHMED FATOUH,yes,2,1.25,236,0,0,0,236,0.992592593,234.251852
2026,43855,Egypt,433469,MOHANAD LASHIN,yes,2,1.25,163,0,1,112.5,275.5,1,275.5
2026,43855,Egypt,461788,MARAWAN ATTIA,yes,2,1.25,347,0,0,0,347,0.90625,314.46875
2026,43855,Egypt,483183,MAHMOUD SABER,yes,2,1.25,71,0,0,0,71,0.09375,6.65625
2026,43860,Ghana,411376,Inaki WILLIAMS,yes,2,1.25,120,0,0,0,120,0.355555556,42.666667
2026,43860,Ghana,441342,Abdul FATAWU,yes,2,1.25,204,0,0,0,204,0.358333333,73.1
2026,43860,Ghana,448522,Alidu SEIDU,yes,2,1.25,194,0,0,0,194,0.213888889,41.494444
2026,43860,Ghana,506279,Caleb YIRENKYI,yes,2,1.25,475,0,0,0,475,0.733333333,348.333333
2026,43860,Ghana,511022,Kojo Peprah OPPONG,yes,2,1.25,0,0,0,0,0,0.133333333,0
2026,43872,Morocco,400721,Achraf HAKIMI,yes,2,1.25,140,0,0,0,140,1,140
2026,43872,Morocco,403083,Issa Diop,yes,2,1.25,408,0,0,0,408,0.836842105,341.431579
2026,43872,Morocco,441307,Azzedine OUNAHI,yes,2,1.25,135,0,0,0,135,0.766666667,103.5
2026,43872,Morocco,448612,Bilal EL KHANNOUSS,yes,2,1.25,129,0,0,0,129,0.814035088,105.010526
2026,43872,Morocco,485767,Redouane HALHAL,yes,2,1.25,160,0,0,0,160,0.315789474,50.526316
2026,43879,Senegal,370171,Abdoulaye Seck,yes,2,1.25,72,0,0,0,72,0.148717949,10.707692
2026,43879,Senegal,431788,Pape GUEYE,yes,2,1.25,9,0,0,0,9,0.607692308,5.469231
2026,43879,Senegal,464842,Lamine CAMARA,yes,2,1.25,203,0,0,0,203,0.635897436,129.08718
2026,43883,South Africa,390475,Sphephelo SITHOLE,yes,2,1.25,0,98,1,112.5,210.5,1,210.5
2026,43883,South Africa,395050,Aubrey MODIBA,yes,2,1.25,18,0,0,0,18,0.961111111,17.3
2026,43883,South Africa,395984,Themba ZWANE,yes,2,1.25,0,28,3,337.5,365.5,0.273809524,100.077381
2026,43883,South Africa,403616,Teboho MOKOENA,yes,2,1.25,220,0,1,112.5,332.5,1,332.5
2026,43883,South Africa,463221,Nkosinathi SIBISI,yes,2,1.25,196,0,0,0,196,0.25,49
2026,43883,South Africa,494248,Thalente MBATHA,yes,2,1.25,140,0,0,0,140,0.719444444,100.722222
2026,43888,Tunisia,336459,Rani Khedira,no,2,1.25,216,0,0,0,216,0.559259259,120.8
2026,43899,Canada,371958,Derek CORNELIUS,yes,2,1.25,171,0,0,0,171,0.7,119.7
2026,43899,Canada,390670,Cyle LARIN,yes,2,1.25,171,0,0,0,171,0.42,71.82
2026,43899,Canada,423941,Nathan SALIBA,yes,2,1.25,216,0,0,0,216,0.406666667,87.84
2026,43899,Canada,431696,Richie LARYEA,yes,2,1.25,140,0,0,0,140,0.957777778,134.088889
2026,43899,Canada,441252,Alistair JOHNSTON,yes,2,1.25,259,0,0,0,259,1,259
2026,43899,Canada,441257,Jonathan DAVID,yes,2,1.25,137,0,0,0,137,0.935555556,128.171111
2026,43899,Canada,441259,Liam MILLAR,yes,2,1.25,3,0,0,0,3,0.362222222,1.086667
2026,43899,Canada,480322,Luc DE FOUGEROLLES,yes,2,1.25,348,0,0,0,348,0.826666667,287.68
2026,43899,Canada,485064,Niko SIGUR,yes,2,1.25,203,0,0,0,203,0.277777778,56.388889
2026,43908,Haiti,295922,Johny Placide,no,2,1.25,11,0,0,0,11,1,11
2026,43908,Haiti,394993,Duckens NAZON,no,2,1.25,11,0,0,0,11,0.085185185,0.937037
2026,43908,Haiti,397775,Carlens ARCUS,no,2,1.25,176,0,0,0,176,0.537037037,94.518519
2026,43908,Haiti,430697,Jean-Ricner Bellegarde,no,2,1.25,231,0,0,0,231,0.966666667,223.3
2026,43908,Haiti,431693,Frantzdy Pierrot,no,2,1.25,131,0,0,0,131,0.525925926,68.896296
2026,43908,Haiti,466838,Danley JEAN JACQUES,no,2,1.25,108,0,0,0,108,0.962962963,104
2026,43908,Haiti,510757,Josue CASIMIR,no,2,1.25,0,0,0,0,0,0.67037037,0
2026,43911,Mexico,395516,Cesar MONTES,yes,2,1.25,0,12,1,112.5,124.5,0.875,108.9375
2026,43911,Mexico,400634,Edson ALVAREZ,yes,2,1.25,27,0,0,0,27,0.531111111,14.34
2026,43911,Mexico,403596,Jorge SANCHEZ,yes,2,1.25,109,0,0,0,109,0.775555556,84.535556
2026,43911,Mexico,425701,Johan VASQUEZ,yes,2,1.25,90,0,0,0,90,0.8,72
2026,43911,Mexico,464533,Brian GUTIERREZ,yes,2,1.25,247,0,0,0,247,0.437777778,108.131111
2026,43914,Panama,400416,Edgar Yoel BARCENAS,no,2,1.25,119,0,0,0,119,0.92962963,110.625926
2026,43914,Panama,411174,Jose FAJARDO,no,2,1.25,37,0,0,0,37,0.574074074,21.240741
2026,43914,Panama,418729,Carlos HARVEY,no,2,1.25,180,0,0,0,180,0.992592593,178.666667
2026,43914,Panama,441240,Andres ANDRADE,no,2,1.25,7,0,0,0,7,1,7
2026,43914,Panama,441242,Cesar BLACKMAN,no,2,1.25,198,0,0,0,198,0.666666667,132
2026,43921,USA,390238,Tyler ADAMS,yes,2,1.25,211,0,0,0,211,0.76,160.36
2026,43921,USA,390259,Weston McKENNIE,yes,2,1.25,145,0,0,0,145,0.991111111,143.711111
2026,43921,USA,419062,Chris RICHARDS,yes,2,1.25,90,0,0,0,90,0.8,72
2026,43921,USA,441251,Antonee ROBINSON,yes,2,1.25,124,0,0,0,124,0.777777778,96.444444
2026,43921,USA,448214,Malik TILLMAN,yes,2,1.25,111,0,0,0,111,0.791111111,87.813333
2026,43921,USA,466624,Folarin BALOGUN,yes,2,1.25,91,74,0,0,165,0.745283019,122.971698
2026,43921,USA,499912,Sebastian BERHALTER,yes,2,1.25,71,0,0,0,71,0.411111111,29.188889
2026,43922,Argentina,332847,Leandro PAREDES,yes,2,1.25,90,0,0,0,90,0.566101695,50.949153
2026,43922,Argentina,402920,Lautaro MARTINEZ,yes,2,1.25,22,0,0,0,22,0.501666667,11.036667
2026,43922,Argentina,402926,Gonzalo MONTIEL,yes,2,1.25,185,0,0,0,185,0.188333333,34.841667
2026,43922,Argentina,418963,Facundo MEDINA,yes,2,1.25,104,0,0,0,104,0.454867257,47.306195
2026,43922,Argentina,418975,Thiago ALMADA,yes,2,1.25,23,0,0,0,23,0.403333333,9.276667
2026,43922,Argentina,495054,Jose Manuel LOPEZ,yes,2,1.25,6,0,0,0,6,0.03,0.18
2026,43924,Brazil,308386,CASEMIRO,yes,2,1.25,489,0,0,0,489,0.846666667,414.02
2026,43924,Brazil,314197,NEYMAR JR,yes,2,1.25,90,0,0,0,90,0.137037037,12.333333
2026,43924,Brazil,335656,DANILO,yes,2,1.25,250,0,0,0,250,0.9,225
2026,43924,Brazil,367981,DOUGLAS SANTOS,yes,2,1.25,115,0,0,0,115,0.982222222,112.955556
2026,43924,Brazil,394456,FABINHO,yes,2,1.25,8,0,0,0,8,0.153333333,1.226667
2026,43924,Brazil,430594,ROGER IBANEZ,yes,2,1.25,227,0,0,0,227,0.1,22.7
2026,43926,Colombia,386013,Davinson SANCHEZ,yes,2,1.25,116,0,0,0,116,1,116
2026,43926,Colombia,394500,Johan MOJICA,yes,2,1.25,263,0,0,0,263,0.8125,213.6875
2026,43926,Colombia,395550,Jefferson LERMA,yes,2,1.25,90,0,0,0,90,0.858333333,77.25
2026,43926,Colombia,428905,Luis SUAREZ,yes,2,1.25,120,0,0,0,120,0.691666667,83
2026,43926,Colombia,441622,Jhon LUCUMI,yes,2,1.25,124,0,0,0,124,1,124
2026,43926,Colombia,463902,Gustavo PUERTA,yes,2,1.25,4,0,0,0,4,0.979166667,3.916667
2026,43926,Colombia,470760,Jhon ARIAS,yes,2,1.25,258,0,0,0,258,0.79375,204.7875
2026,43926,Colombia,473050,Richard RIOS,yes,2,1.25,192,0,0,0,192,0.283333333,54.4
2026,43927,Ecuador,389784,Alan FRANCO,yes,2,1.25,264,0,0,0,264,0.705555556,186.266667
2026,43927,Ecuador,419003,Jackson POROZO,yes,2,1.25,197,0,0,0,197,0.077777778,15.322222
2026,43927,Ecuador,419005,Jordy ALCIVAR,yes,2,1.25,142,0,0,0,142,0.125,17.75
2026,43927,Ecuador,419020,Gonzalo PLATA,yes,2,1.25,1,0,0,0,1,1,1
2026,43927,Ecuador,424031,Piero HINCAPIE,yes,2,1.25,47,8,0,0,55,1,55
2026,43927,Ecuador,428885,Moises CAICEDO,yes,2,1.25,180,0,0,0,180,1,180
2026,43927,Ecuador,463495,Kendry PAEZ,yes,2,1.25,180,0,0,0,180,0.030555556,5.5
2026,43928,Paraguay,369749,Junior ALONSO,yes,2,1.25,180,0,0,0,180,0.8125,146.25
2026,43928,Paraguay,369761,Miguel ALMIRON,yes,2,1.25,217,102,1,112.5,431.5,0.826086957,356.456522
2026,43928,Paraguay,385306,Andres CUBAS,yes,2,1.25,205,0,0,0,205,1,205
2026,43928,Paraguay,424422,Matias GALARZA,yes,2,1.25,359,0,0,0,359,0.8125,291.6875
2026,43928,Paraguay,463128,Diego GOMEZ,yes,2,1.25,204,0,1,112.5,316.5,0.910979228,288.324926
2026,43928,Paraguay,479601,Juan Jose CACERES,yes,2,1.25,261,0,0,0,261,0.914583333,238.70625
2026,43928,Paraguay,485802,Alex ARCE,yes,2,1.25,182,0,0,0,182,0.10625,19.3375
2026,43930,Uruguay,368660,Guillermo VARELA,no,2,1.25,32,0,0,0,32,1,32
2026,43930,Uruguay,386538,Rodrigo BENTANCUR,no,2,1.25,160,0,0,0,160,1,160
2026,43930,Uruguay,402876,Agustin CANOBBIO,no,2,1.25,0,6,0,0,6,0.833333333,5
2026,43930,Uruguay,402893,Mathias OLIVERA,no,2,1.25,122,0,0,0,122,1,122
2026,43930,Uruguay,402898,Nicolas DE LA CRUZ,no,2,1.25,0,0,0,0,0,0.307407407,0
2026,43930,Uruguay,419134,Juan Manuel SANABRIA,no,2,1.25,36,0,0,0,36,0.759259259,27.333333
2026,43934,Austria,299200,Marko ARNAUTOVIC,yes,2,1.25,79,0,0,0,79,0.397222222,31.380556
2026,43934,Austria,358241,Marcel SABITZER,yes,2,1.25,193,0,0,0,193,1,193
2026,43934,Austria,385259,Konrad LAIMER,yes,2,1.25,104,0,0,0,104,1,104
2026,43934,Austria,441067,Stefan POSCH,yes,2,1.25,327,0,0,0,327,0.922222222,301.566667
2026,43935,Belgium,290821,Axel WITSEL,yes,2,1.25,0,0,0,0,0,0.054385965,0
2026,43935,Belgium,358112,Romelu LUKAKU,yes,2,1.25,177,0,0,0,177,0.403508772,71.421053
2026,43935,Belgium,358120,Kevin DE BRUYNE,yes,2,1.25,5,0,0,0,5,0.677192982,3.385965
2026,43935,Belgium,411443,Timothy CASTAGNE,yes,2,1.25,256,0,0,0,256,0.838596491,214.680702
2026,43935,Belgium,448360,Brandon MECHELE,yes,2,1.25,206,0,0,0,206,1,206
2026,43935,Belgium,448373,Maxim DE CUYPER,yes,2,1.25,195,0,0,0,195,0.775438596,151.210526
2026,43935,Belgium,514166,Nathan NGOY,yes,2,1.25,0,60,1,112.5,172.5,0.736842105,127.105263
2026,43938,Croatia,241559,Luka MODRIC,yes,2,1.25,211,0,0,0,211,0.886111111,186.969444
2026,43938,Croatia,359381,Ivan PERISIC,yes,2,1.25,202,0,0,0,202,1,202
2026,43938,Croatia,485066,Petar SUCIC,yes,2,1.25,90,0,0,0,90,0.8,72
2026,43942,England,356189,Jordan HENDERSON,yes,2,1.25,90,0,0,0,90,0.010526316,0.947368
2026,43942,England,405841,Marc GUEHI,yes,2,1.25,112,0,0,0,112,0.847368421,94.905263
2026,43942,England,433097,Declan RICE,yes,2,1.25,318,0,0,0,318,0.678947368,215.905263
2026,43942,England,448202,Jude BELLINGHAM,yes,2,1.25,251,0,0,0,251,0.903508772,226.780702
2026,43942,England,463780,Nico OREILLY,yes,2,1.25,108,0,0,0,108,0.8,86.4
2026,43942,England,463809,Jarell QUANSAH,yes,2,1.25,30,98,1,112.5,240.5,0.302325581,72.709302
2026,43946,France,405893,Aurelien TCHOUAMENI,yes,2,1.25,16,0,0,0,16,0.5,8
2026,43946,France,484860,Bradley BARCOLA,yes,2,1.25,161,0,0,0,161,0.522222222,84.077778
2026,43946,France,485655,Michael OLISE,yes,2,1.25,90,0,0,0,90,0.903703704,81.333333
2026,43946,France,485677,Manu KONE,yes,2,1.25,99,0,0,0,99,0.631481481,62.516667
2026,43948,Germany,411367,Kai HAVERTZ,yes,2,1.25,194,0,0,0,194,0.91025641,176.589744
2026,43948,Germany,429642,Jamal MUSIALA,yes,2,1.25,185,0,0,0,185,0.694871795,128.551282
2026,43948,Germany,484849,Aleksandar PAVLOVIC,yes,2,1.25,46,0,0,0,46,0.702564103,32.317949
2026,43960,Netherlands,336098,Memphis DEPAY,yes,2,1.25,187,0,0,0,187,0.130769231,24.453846
2026,43960,Netherlands,448140,Micky VAN DE VEN,yes,2,1.25,180,0,0,0,180,0.682051282,122.769231
2026,43960,Netherlands,489518,Crysencio SUMMERVILLE,yes,2,1.25,209,0,0,0,209,0.648717949,135.582051
2026,43961,Norway,483442,Patrick BERG,yes,2,1.25,80,0,0,0,80,0.778947368,62.315789
2026,43961,Norway,483448,Antonio NUSA,yes,2,1.25,224,0,0,0,224,0.561403509,125.754386
2026,43961,Norway,483516,Kristoffer AJER,yes,2,1.25,3,0,0,0,3,0.842105263,2.526316
2026,43963,Portugal,384752,RUBEN DIAS,yes,2,1.25,253,0,0,0,253,0.8,202.4
2026,43963,Portugal,395205,BERNARDO SILVA,yes,2,1.25,348,0,0,0,348,0.208888889,72.693333
2026,43963,Portugal,395212,NELSON SEMEDO,yes,2,1.25,182,0,0,0,182,0.277777778,50.555556
2026,43963,Portugal,489704,RENATO VEIGA,yes,2,1.25,202,0,0,0,202,1,202
2026,43963,Portugal,492358,TOMAS ARAUJO,yes,2,1.25,180,0,0,0,180,0.2,36
2026,43967,Scotland,401339,Andy ROBERTSON,no,2,1.25,115,0,0,0,115,1,115
2026,43967,Scotland,430097,Ryan Christie,no,2,1.25,1,0,0,0,1,0.351851852,0.351852
2026,43967,Scotland,442428,Aaron HICKEY,no,2,1.25,224,0,0,0,224,0.277777778,62.222222
2026,43967,Scotland,484051,Kenny McLEAN,no,2,1.25,180,0,0,0,180,0.433333333,78
2026,43967,Scotland,520217,Findlay CURTIS,no,2,1.25,180,0,0,0,180,0.02962963,5.333333
2026,43969,Spain,335999,Aymeric LAPORTE,yes,2,1.25,0,0,0,0,0,1,0
2026,43969,Spain,405545,Ferran TORRES,yes,2,1.25,90,0,0,0,90,0.387037037,34.833333
2026,43969,Spain,423646,PEDRI,yes,2,1.25,180,0,0,0,180,0.796296296,143.333333
2026,43969,Spain,447860,Alex BAENA,yes,2,1.25,44,0,0,0,44,0.607407407,26.725926
2026,43969,Spain,474973,Pau CUBARSI,yes,2,1.25,47,0,0,0,47,1,47
2026,43970,Sweden,483276,Gabriel GUDMUNDSSON,yes,2,1.25,127,0,0,0,127,0.991017964,125.859281
2026,43970,Sweden,483312,Isak HIEN,yes,2,1.25,58,0,0,0,58,1,58
2026,43970,Sweden,483327,Viktor GYOKERES,yes,2,1.25,6,0,0,0,6,1,6
2026,43970,Sweden,489688,Yasin AYARI,yes,2,1.25,105,0,0,0,105,0.947222222,99.458333
2026,43970,Sweden,489689,Lucas BERGVALL,yes,2,1.25,100,0,0,0,100,0.497222222,49.722222
2026,43971,Switzerland,311558,Granit XHAKA,yes,2,1.25,187,0,0,0,187,1,187
2026,43971,Switzerland,393480,Breel EMBOLO,yes,2,1.25,46,106,0,0,152,0.914855072,139.057971
2026,43971,Switzerland,398509,Nico ELVEDI,yes,2,1.25,115,0,0,0,115,1,115
2026,43971,Switzerland,401448,Denis ZAKARIA,yes,2,1.25,349,0,0,0,349,0.603015075,210.452261
2026,43971,Switzerland,493221,Miro MUHEIM,yes,2,1.25,105,0,0,0,105,0.2,21
2026,43972,Türkiye,406231,Yunus AKGUN,no,2,1.25,184,0,0,0,184,0.325925926,59.97037
2026,43972,Türkiye,484065,Eren ELMALI,no,2,1.25,109,0,0,0,109,0.403703704,44.003704
2026,43976,Australia,355775,Jackson IRVINE,yes,2,1.25,44,0,0,0,44,0.571794872,25.158974
2026,43976,Australia,423522,Jordan BOS,yes,2,1.25,164,0,0,0,164,0.977777778,160.355556
2026,43976,Australia,430442,Harry SOUTTAR,yes,2,1.25,91,0,0,0,91,1,91
2026,43976,Australia,430450,Jacob ITALIANO,yes,2,1.25,91,0,0,0,91,0.911111111,82.911111
2026,43976,Australia,448014,Alessandro CIRCATI,yes,2,1.25,148,0,0,0,148,1,148
2026,43978,New Zealand,390196,Callum McCOWATT,no,2,1.25,146,0,0,0,146,0.592592593,86.518519
2026,43978,New Zealand,390209,Sarpreet SINGH,no,2,1.25,160,0,0,0,160,0.781481481,125.037037
2026,43978,New Zealand,405454,Elijah JUST,no,2,1.25,34,0,0,0,34,0.981481481,33.37037
2026,43978,New Zealand,423595,Marko STAMENIC,no,2,1.25,44,0,0,0,44,1,44
2026,43995,Czechia,441170,Ladislav KREJCI,no,2,1.25,105,0,0,0,105,1,105
2026,44005,Uzbekistan,371345,Odiljon XAMROBEKOV,no,2,1.25,166,0,0,0,166,0.285185185,47.340741
2026,44005,Uzbekistan,464924,Abdukodir KHUSANOV,no,2,1.25,283,0,0,0,283,1,283
2026,44005,Uzbekistan,479075,Sherzod NASRULLAEV,no,2,1.25,43,0,0,0,43,0.666666667,28.666667
2026,44037,Bosnia and Herzegovina,300409,Edin DZEKO,yes,2,1.25,119,0,0,0,119,0.551401869,65.616822
2026,44037,Bosnia and Herzegovina,436743,Ermedin DEMIROVIC,yes,2,1.25,226,0,0,0,226,0.986111111,222.861111
2026,44037,Bosnia and Herzegovina,482976,Amar DEDIC,yes,2,1.25,121,0,0,0,121,0.75,90.75
2026,44037,Bosnia and Herzegovina,484022,Tarik MUHAREMOVIC,yes,2,1.25,0,36,1,112.5,148.5,1,148.5
2026,44037,Bosnia and Herzegovina,489520,Nikola KATIC,yes,2,1.25,180,0,0,0,180,0.883333333,159
2026,44037,Bosnia and Herzegovina,489521,Stjepan RADELJIC,yes,2,1.25,190,0,0,0,190,0.5,95
2026,44037,Bosnia and Herzegovina,519954,Jovo LUKIC,yes,2,1.25,224,0,0,0,224,0.183333333,41.066667
2026,44037,Bosnia and Herzegovina,522846,Ermin MAHMIC,yes,2,1.25,8,0,0,0,8,0.183333333,1.466667
